customer_id,age,annual_income,policy_premium,claim_amount,number_of_claims,health_score,policy_tenure,age_group,income_zscore
1,45,1149838.8591465005,20273.752075179327,85391.20402026764,1,57.38535964260997,8,Middle,1.333976662810436
2,38,1031158.4207281922,23988.369304991375,205423.81689356003,2,39.61876820499023,1,Middle,0.8571329307030402
3,47,814907.5924800435,19453.060553000272,15033.018972719208,1,67.27472790662888,8,Senior,-0.011736896434834164
4,58,638265.8055736065,22844.26929252672,174869.39155616993,1,68.29890935166954,7,Senior,-0.7214623578263797
5,37,974555.8284033975,11744.697331323501,28214.297415654244,1,71.62676099697651,9,Middle,0.629710520314094
6,37,898371.3463554374,26493.05595161057,21348.647263935698,4,78.74222372217443,8,Middle,0.3236104314319317
7,58,1023798.305006933,25008.43832753557,2583.064260675245,1,77.6512697467745,5,Senior,0.8275608706732542
8,49,958792.9504204923,19280.379582522666,2710.416837253274,0,73.10523766292707,8,Senior,0.5663771718171066
9,34,1062388.1788298339,29614.719679026835,58884.602097885196,0,84.34637665704051,14,Middle,0.9826103438678766
10,46,666191.197109858,31562.99096338591,30617.913977190954,1,51.772362630240224,11,Senior,-0.6092614922231375
11,34,1129348.5164085813,13747.08094941718,12842.878401807568,1,76.05498177372868,10,Middle,1.251648929331135
12,34,849399.9011730999,19660.9265500365,47592.049292871925,1,77.5184603600433,12,Middle,0.12684905273587674
13,42,1318815.2181563163,19616.003551488913,14575.008823830734,1,55.12525256703712,12,Middle,2.012903356560581
14,18,627703.045477608,18420.678292237946,43093.88627103656,3,51.965552695811326,3,Young,-0.7639022578862198
15,19,1233990.9507913124,30806.32389352224,22252.57667094912,1,61.04869448229279,10,Young,1.6720896490729256
16,33,849477.695865662,23643.217028590374,86736.51739398309,1,62.0615026898165,7,Middle,0.12716162245700213
17,27,637145.4990963879,23148.396110825724,85933.67431283086,0,79.04103356202917,12,Young,-0.7259636145525986
18,43,679028.5414864196,10972.963449152725,32442.20083708896,0,62.62553459570686,4,Middle,-0.5576825860070042
19,29,719913.17295142,29447.926211464583,21602.19394899083,3,59.72381778062555,5,Young,-0.39341305251496467
20,23,906041.4866004791,16325.191236025692,22514.740243649117,0,62.66039515966529,9,Young,0.3544281327226997
21,57,930708.8720088749,25419.5284118643,81921.33421825596,2,83.42358800985053,7,Senior,0.4535387214282468
22,37,656574.9990153552,26941.63856570734,19888.203081482578,1,70.15652049252343,4,Middle,-0.6478982199701709
23,40,793911.3519347543,34524.610170870554,11726.618780401754,2,67.84898769571706,6,Middle,-0.09609726647788795
24,22,1335567.5896529658,15838.257206166216,4424.533086434074,1,68.67993401558738,10,Young,2.080212371024751
25,33,1231885.7925251778,5000.0,31432.91311554214,0,85.50472401191827,14,Middle,1.6636313762717907
26,41,909080.917418508,26286.946813275863,32901.75432324232,0,61.0099392807611,11,Middle,0.3666402003057559
27,26,809500.8695420501,37603.57827057598,91913.85465563265,5,85.78609949128125,7,Young,-0.0334604591262385
28,44,830007.8316795654,33672.62447057606,12502.534699439355,1,72.52595558705805,13,Middle,0.04893404910241796
29,32,953379.4931826042,26467.61590692238,23981.795446533662,1,68.07496741629583,10,Middle,0.5446265515184192
30,36,544301.8587003986,21558.54670057567,82618.7683183126,0,100.0,13,Middle,-1.0989981986751904
31,32,735655.8656441637,30649.858176461174,86756.74960755782,2,57.332326122416845,9,Middle,-0.3301608060868818
32,62,382853.9815306026,18185.17660206872,24275.040713585488,0,65.75577088519593,4,Older,-1.7476763575737486
33,39,899805.7806513198,28334.504385493536,30728.263731820927,0,55.210825130032,10,Middle,0.3293738159646085
34,27,961798.9849256852,28538.291114166386,18069.00628753184,0,81.42954364643404,3,Young,0.5784550570305694
35,49,679203.3844251565,32421.46935249216,134822.05126989522,0,90.27026720382014,8,Senior,-0.5569800881012746
36,25,1193496.6908225082,44317.62027237754,6314.669130403347,2,90.03907337685567,1,Young,1.5093885813165653
37,42,493558.5842494147,27746.91177025137,135715.55523709793,1,84.68738503775205,9,Middle,-1.3028785743380455
38,18,433906.279947545,21437.254620047508,57579.52669500004,0,67.62855438644841,13,Young,-1.5425543607709473
39,24,856112.954639993,24820.97981465604,37918.65985166567,2,65.61710827012185,1,Young,0.15382129442668607
40,42,1061774.5756530387,12616.468665776172,1660.2135752814145,0,49.945962730071216,2,Middle,0.9801449600796514
41,48,1220981.9228644671,20137.008082376593,32274.66325735994,2,94.43048242218151,13,Senior,1.6198209389940008
42,42,685278.934282765,22135.02293320827,26191.161814533487,0,75.6277369377816,8,Middle,-0.5325692592627819
43,38,1069670.208357824,21331.38121445785,8790.270372663537,1,64.09651714156621,9,Middle,1.011868662961745
44,36,790372.8826248233,26066.484104236053,53415.25194576521,0,85.93668266784361,7,Middle,-0.11031441071987204
45,22,756843.175014795,19243.060473324596,177283.8368881519,1,58.32682579887999,3,Young,-0.24503274447662654
46,31,1020914.9843716681,32847.2146712713,41298.376851761175,1,74.87946441067209,7,Middle,0.8159760350347475
47,34,963080.7196033549,25001.44945442738,62720.03882624176,0,67.92845038850999,6,Middle,0.583604912856997
48,52,405901.96075393766,24934.897752029698,3545.294966815855,0,77.66412567856361,2,Senior,-1.6550723482116347
49,44,1169135.087431474,22704.736984409574,27035.641137150757,0,69.23711752976654,3,Middle,1.4115065879912951
50,18,1145022.8385368627,26086.334787012853,6185.191239833109,1,52.58886530666531,11,Young,1.3146264710516944
51,43,643609.3246226177,30775.687852673444,47440.15841541465,1,70.90691647204045,13,Middle,-0.699992740761632
52,35,898950.8833593522,18930.0884900237,139421.40179522912,1,82.58636970250434,12,Middle,0.32593894143344554
53,31,923507.5465706848,20393.184576473202,54202.600169151316,0,69.64940312975217,13,Middle,0.42460466166379635
54,47,865168.4414559768,22873.917798563347,3995.6342567061583,1,79.30138145906903,10,Senior,0.19020515167334834
55,52,662423.711538645,15578.903535687496,21899.379219915143,3,57.45364617191136,10,Senior,-0.624398796267347
56,51,632094.1580154871,19265.194981949517,39999.14802101498,1,69.68487048076177,13,Senior,-0.7462592956712869
57,29,793611.4822521387,21666.453885187388,25809.31131894337,0,62.50587453893707,12,Young,-0.09730210680802139
58,36,1093182.254814841,31120.724264989094,89681.26358031534,1,78.96377008125651,5,Middle,1.1063372386720025
59,43,935900.0386486081,26837.929303013476,84281.13401910903,1,70.37789874714395,10,Middle,0.47439620483049844
60,51,707346.4169784735,26355.12937957281,47315.72594850991,2,78.28088411603935,4,Senior,-0.44390476705937487
61,34,992924.6776620862,30956.285735175807,23376.96901076391,2,83.05252511389439,2,Middle,0.7035143480700934
62,37,100000.0,24038.397481204225,14741.133548511467,0,78.29942290145667,4,Middle,-2.8841496466181717
63,26,1087191.425093026,27733.25394950223,5595.4465017680495,1,73.27742121152373,12,Young,1.0822668051528626
64,25,365071.5553054751,24277.447729472526,21917.31722567041,2,58.021452897863135,8,Young,-1.8191240080890518
65,49,709389.764649217,26857.5364457974,26651.219939284987,2,69.96656667199719,5,Senior,-0.4356948417987688
66,56,520082.52634346404,20920.689396718924,56323.26925124914,1,63.602915175810004,5,Senior,-1.1963085640913036
67,39,476329.6310697736,7928.279892064995,53670.59868281257,4,65.87123251954928,13,Middle,-1.3721024367030188
68,52,1090206.69684463,24060.045864695872,3634.3489389965566,2,65.50559019099698,12,Senior,1.094381804511772
69,44,683074.6996720271,34959.23695269958,25147.776669135357,4,58.240893102613065,12,Middle,-0.5414256089041597
70,32,886625.9704326789,31483.507815691148,10031.132271889608,2,46.511936930392125,10,Middle,0.27641892317113553
71,44,788269.855280204,31757.782392138193,8528.308464195054,1,61.9822834200668,3,Middle,-0.1187641217345683
72,58,919260.2068057804,33652.915052643526,87810.58708598181,2,72.3205534230899,13,Senior,0.4075393611642601
73,39,819205.4727650639,25620.60313673006,2140.950231550728,1,53.82187545487012,8,Middle,0.005531469797824956
74,58,479251.9439528576,26381.20995183917,27165.966613329325,2,70.18818683765949,6,Senior,-1.3603609349009802
75,18,1049066.704861785,20676.436731959548,9208.382334480893,0,92.80322109173157,2,Young,0.9290862631621216
76,49,676560.8542096718,22787.49000781065,105734.87596197597,2,82.27667866302687,2,Senior,-0.5675974567843675
77,41,410854.52533506224,29310.39804839799,40713.8482603557,3,89.72249810944635,9,Middle,-1.6351735391927253
78,36,692971.2097585219,33427.191060181714,13157.970390004059,2,74.69353452319271,13,Middle,-0.5016626212764139
79,41,1175189.9476585777,24023.876070233004,34900.67883069041,1,84.01011787583735,7,Middle,1.435834288382023
80,18,1012555.4355283732,21848.675146040117,65742.67822364975,1,61.31242323438655,10,Young,0.7823883728867465
81,37,712836.9663980352,25003.69571199618,158644.9675797001,0,62.26791679573619,9,Middle,-0.4218443996438465
82,44,712685.5739203928,29208.447242503804,12451.666157664185,0,37.130317526350325,14,Middle,-0.42245267641644774
83,57,719591.2371956543,14893.016287065208,108657.62977530829,0,84.23374568850758,6,Senior,-0.3947065516739164
84,33,1319186.9958902101,8926.733328039332,136135.94879810317,1,88.48388775783863,5,Middle,2.0143971147949373
85,30,895483.8630578883,21146.242053558915,124097.87685418448,3,63.36187305583276,12,Young,0.3120088707168622
86,33,907510.4117977674,16455.01301860089,50449.68972670079,3,66.95257952323318,1,Middle,0.36033009755023676
87,50,1057570.8635079605,21443.018616468824,49688.383651876575,2,60.95365463570846,12,Senior,0.9632549501110408
88,43,859697.2897566283,23965.5377682777,25809.55236241663,1,74.5918426177299,6,Middle,0.16822272196536553
89,33,735239.4635448242,21827.261136838904,69796.60926578271,1,83.49919054363889,6,Middle,-0.3318338596562203
90,46,750912.5377287554,35167.272741295215,37888.98059611325,1,49.08673631342751,3,Senior,-0.26886133202601464
91,41,782099.6851464841,27287.21335221624,56573.00669910428,1,74.91326236770703,3,Middle,-0.14355512346587565
92,51,790694.4408725396,27103.3205172758,27970.856970137054,2,66.67993873937026,3,Senior,-0.10902242834287276
93,31,981907.385909245,29355.450008303815,65744.5597910318,1,71.36073270360028,3,Middle,0.659248194463347
94,36,812986.4714518249,17028.168175534614,86997.69781963523,2,75.5079280200915,7,Middle,-0.01945572974160817
95,35,983160.0193038948,32273.78251194188,7916.752741484376,1,67.74157073472615,10,Middle,0.6642811248335726
96,22,779820.8549728544,24469.64999425178,89467.03451395797,2,68.75695775913063,11,Young,-0.15271118911000872
97,43,819658.7975790226,29693.364320688488,38858.681584589765,0,67.43349798934433,2,Middle,0.007352874395127333
98,43,300449.8288669731,17496.999368718913,93108.8528217467,0,81.64379442145938,10,Middle,-2.0787663351720367
99,40,1029081.9186756203,14123.68863788755,28220.261254884175,0,75.02511952152996,13,Middle,0.8487897951225409
100,37,886622.1189744981,30725.2276061752,23824.46965136942,1,72.64700245284833,10,Middle,0.27640344847524234
101,23,1049502.527464913,27634.866682682616,123290.93890356795,2,54.74857934689261,2,Young,0.9308373459806716
102,34,100000.0,18685.639119497428,14462.115619560123,4,65.45704308144215,3,Middle,-2.8841496466181717
103,35,1322093.676195182,18912.35843107714,92963.06291709906,0,80.7840299240701,10,Middle,2.0260758067776927
104,30,765102.5929612066,32878.04349090339,33084.419174982184,1,70.45235887748707,12,Young,-0.21184739623313614
105,38,1077045.7041843792,16674.116749928704,36087.15291089026,1,77.91437763506966,7,Middle,1.0415025184053945
106,44,540023.5182186173,36498.71067279174,18442.312989449154,2,91.1981416039316,3,Middle,-1.1161880563277893
107,62,953193.4762656424,18695.65485746492,42553.50505635326,1,82.4632728305058,7,Older,0.5438791579116774
108,42,536646.1092065859,29468.74347925868,19667.776021999343,4,71.1179000523969,9,Middle,-1.129758079657782
109,43,644057.7598260487,22699.670669757106,2003.0628561363371,0,63.86812995765128,11,Middle,-0.698190982031531
110,39,1278507.8384666964,29222.3120175764,15872.615752575572,2,39.35740484732922,10,Middle,1.8509531512965673
111,18,752329.3998091633,21191.201985200652,319.97382229143653,1,67.97938093032577,12,Young,-0.2631685505423314
112,39,854358.2182949308,23860.44965749394,191648.5480076762,1,66.08785005019782,11,Middle,0.1467709747716914
113,40,1017516.9326721886,25286.43422777005,168699.3626237572,0,74.6843943327445,4,Middle,0.8023230718685472
114,69,923920.4719931511,17984.687809529692,25139.177196934488,1,68.15313727630375,7,Older,0.4262637463634743
115,37,837604.726285894,30185.770417940883,65165.878904084275,0,66.15537928675846,9,Middle,0.07945745822347396
116,43,891240.2506165564,21407.505034698905,21217.574292857033,1,48.64721283391335,14,Middle,0.29495854615528766
117,39,1400853.8963095688,23399.80059261987,55599.0360274469,1,58.7203860501992,8,Middle,2.3425249015187397
118,25,785595.3007416036,18039.554377740416,81848.17523676711,1,75.7198124896067,8,Young,-0.12951016029751852
119,53,850274.7616787419,7063.664388432826,146643.7376242599,3,90.59089157359233,9,Senior,0.13036413705932115
120,49,1062663.599001903,23662.80566179882,25558.973972415766,1,68.82969539505252,14,Senior,0.983716949004304
121,49,1076381.483239496,41888.30795129041,76461.60312407585,1,73.93373288288947,5,Senior,1.0388337585109824
122,29,1096757.576390095,30492.230015286168,15457.438820776304,1,81.42973788343366,14,Young,1.1207024508851484
123,56,959682.5555072961,24865.17734185924,231948.2619614794,2,60.269272765597,5,Senior,0.5699514980948548
124,23,514248.7718173791,23159.764195542128,1305.3725868436595,0,74.4017685194253,3,Young,-1.2197478883598227
125,47,1208357.883075274,25157.261249684325,46257.59462519728,3,61.1141187240141,5,Senior,1.5690990649633902
126,66,513413.651745328,28829.83380622647,53867.886040240584,1,80.37789326189214,8,Older,-1.2231033003992615
127,28,875658.8663097583,16734.310292838087,58244.90590486503,0,71.8168365754208,12,Young,0.23235441742713628
128,33,611431.0374951605,32800.251862682104,6413.694948500309,0,73.58142176777727,5,Middle,-0.8292812295064883
129,41,783965.4133517519,30007.669208088708,139460.12527945163,1,60.608816830976934,4,Middle,-0.1360588518616018
130,33,882190.6025758701,30027.30007995554,9994.750205818287,0,78.48438831532943,8,Middle,0.25859814840574985
131,21,880339.3038625682,28069.33017166809,48742.81012770189,2,95.0165550547722,7,Young,0.2511598527652754
132,40,905480.1885588212,25137.31660385793,12594.906445104132,1,57.905059654861525,14,Middle,0.35217290467858564
133,27,1203427.8172646617,29710.028651767738,18351.880931945867,0,65.92289190822972,14,Young,1.5492906532992752
134,45,913383.5753784949,29142.698936189645,39533.42975723864,0,72.77928969001711,6,Middle,0.3839277626619905
135,28,738960.8411773378,22521.715023412835,26994.99559696459,1,79.4368745439498,5,Young,-0.31688181176595026
136,58,1041021.7920720894,20984.787589721695,8731.09979039669,0,63.28544457652637,14,Senior,0.8967627708474419
137,30,1097367.62223116,25712.994066833908,9372.92053855441,2,36.003636518287124,5,Young,1.1231535417261236
138,36,493098.0462157519,35843.14106046631,27076.68195564177,1,86.3102739299683,13,Middle,-1.3047289607848425
139,49,949350.0174624645,16326.250470422694,70792.95169368647,1,79.12607343500972,10,Senior,0.5284366025560202
140,25,975293.1855777246,14727.32313973292,114121.79631090615,1,49.084629634160024,2,Young,0.6326731327849296
141,42,725609.124160002,26153.325888655618,4393.91466498047,1,62.709174498645325,13,Middle,-0.3705274054074891
142,55,1143926.703327905,25356.213912992127,24969.88423583337,1,88.81818915432791,4,Senior,1.3102223315751322
143,20,762486.1032418683,26213.391650592857,5281.670073437333,5,87.37355702149439,8,Young,-0.222360137333673
144,42,831394.1133678856,26707.672385359503,836.5838868808264,0,81.26368027214734,8,Middle,0.054503962247504374
145,43,756732.0439290326,23437.584217556363,54193.871489931975,1,67.88665079248165,11,Middle,-0.2454792558174535
146,49,803894.7618953668,35429.04407021457,46121.65814772763,2,70.99584902575012,1,Senior,-0.05598512560428088
147,25,525931.2282761995,13793.672150664392,8897.702242621855,1,68.42889033848648,2,Young,-1.172809182940053
148,24,439987.2793514264,19200.52082653828,13316.439793397283,0,83.53887739922605,5,Young,-1.5181216363107524
149,46,1198626.265806243,24277.21667895667,1199.6652324404326,2,59.48989112205868,9,Senior,1.529998596850444
150,43,588259.6629204181,13497.67832192083,90074.49453855673,1,60.33040414138954,10,Middle,-0.9223810265542054
151,43,552151.9126359232,23769.0191689755,183828.96273127105,1,82.12329504203218,11,Middle,-1.0674576258078554
152,44,261652.4715990713,36630.29116009612,7277.858481349543,1,69.46766253386126,12,Middle,-2.23464945190205
153,31,640259.5630776244,25146.20541807173,13164.123188918737,0,86.54160826544569,13,Middle,-0.7134516798932388
154,42,469227.5516481254,26614.906340030786,101403.03165636086,0,61.94185351623345,11,Middle,-1.400637737905777
155,43,1210503.7900340923,16178.846643791938,130498.87246049577,2,69.3426596759341,7,Middle,1.577721061112338
156,31,1052454.2723356585,20685.470143723658,27204.246914178966,0,58.931044181872565,10,Middle,0.9426971019704005
157,62,627962.413705569,22373.62533773244,2597.4371557295003,3,70.08835217708281,5,Older,-0.7628601475312252
158,45,1363108.9513360772,22775.994322706363,2009.4344265427083,2,52.257436756014414,1,Middle,2.1908702508516296
159,25,1045441.3717478986,33971.50656502638,42659.91271765617,4,64.14839894854045,6,Young,0.9145201105998519
160,47,718792.1541228443,28903.83742507587,24952.685018443055,1,52.764953620862585,12,Senior,-0.3979171713832869
161,28,175148.57128160668,17219.794301440776,1453.546083980355,3,78.3270787982951,8,Young,-2.5822117226432297
162,49,1372735.6431476856,26725.533449024035,43763.72488848828,0,78.59907207711582,7,Senior,2.229549141092289
163,53,452606.883309101,28487.552239477496,568.3447831209116,2,49.23684723418786,2,Senior,-1.467417584917844
164,30,388650.31326077704,32981.043269648864,77410.54610960923,1,86.00662894600687,12,Young,-1.724387393599695
165,51,1055642.60800241,36063.78480597862,18295.35884361161,1,99.96898151703824,5,Senior,0.9555074513321565
166,44,1409938.1015848182,17894.34065720492,2054.5391887733704,0,70.55207664083609,14,Middle,2.3790241460817882
167,49,1146068.2046276296,19323.99742152763,44379.36002857341,1,62.30662887730426,11,Senior,1.3188266263155537
168,62,940977.2800130899,16196.954987597686,25348.687125828055,0,100.0,4,Older,0.4947959501745132
169,37,948688.5854163215,23361.86098625113,182100.58226649917,0,54.17237802036987,9,Middle,0.5257790481214252
170,30,1013353.889695077,28264.50862112434,39284.911389096385,2,70.24127760242918,10,Young,0.7855964657269983
171,29,989732.1474466913,31911.34161612371,16095.679171834023,0,72.15546727158308,1,Young,0.6906871455162166
172,30,870297.855992344,24468.342834502342,61797.06380335598,0,86.14177144542897,12,Young,0.2108145225489949
173,39,826050.275987969,22761.067337216093,15837.83377143509,3,74.31686770152146,6,Middle,0.03303306616745307
174,44,784351.7180251194,26062.305945741184,117297.22948735801,2,64.01639325053858,3,Middle,-0.13450672613107634
175,43,611508.852783331,19153.99968858984,23477.94404863573,1,58.585787555344524,11,Middle,-0.8289685770346846
176,49,729831.2307833065,39626.77105186341,39910.782807304044,4,65.89813815704638,9,Senior,-0.3535634886370122
177,40,376760.79645115364,13746.372810173589,2594.8371804906174,1,57.916871668658274,5,Middle,-1.7721580426132382
178,57,775415.0933013125,26293.18405227007,27766.85604582263,1,70.5739038374162,13,Senior,-0.17041300978267013
179,36,552852.2232122706,39165.24353460748,89297.87854022802,2,63.22964584167416,6,Middle,-1.0646438621134313
180,72,524102.67069605726,25047.598911919984,81904.42374357613,2,52.071546480523,11,Older,-1.180156107441756
181,47,844973.5377883696,23669.72675498954,12700.66785346775,1,85.06174946049885,9,Senior,0.1090644568566563
182,29,1148000.5715861497,22497.88204032701,12814.278476968211,1,64.02792971885152,9,Young,1.3265906444181326
183,27,1029579.1515005783,23737.258227663144,84996.94460871768,3,54.78235834029625,8,Young,0.85078761682879
184,45,407374.84909420577,34609.93932273571,133248.40065913936,3,67.9808903861495,9,Middle,-1.6491544599521104
185,37,552592.9658574156,9516.966620693453,5010.961143187671,1,70.8204587916119,4,Middle,-1.0656855269936167
186,48,1035192.796997054,35734.03590907428,29897.18117891115,1,49.042399293051595,6,Senior,0.8733425694809908
187,45,554378.1516154226,15032.299932848984,20583.285530942834,1,73.97977200550915,5,Middle,-1.0585128652584737
188,39,743841.7125007438,23133.433695359097,102276.53561256953,2,57.43410917571683,5,Middle,-0.2972710576365668
189,29,937513.024756138,21995.289057909366,4361.019833273403,0,90.53234571028945,4,Young,0.4808769890743259
190,21,557913.8862840912,29119.87288839504,11857.429694568054,0,76.28752614492082,2,Young,-1.0443067084762845
191,34,826343.8765364899,13813.129536813767,69810.83881060721,1,65.2012001186882,12,Middle,0.03421271787055881
192,50,466493.6262704489,28235.2086625736,2632.8084487687506,1,61.057986756191795,6,Senior,-1.411622321361725
193,42,649658.0890121965,39170.16736300797,33916.41430948137,0,68.74038750923651,9,Middle,-0.6756895327131509
194,25,879945.4835356342,15457.781967850327,29179.407671138495,2,77.35348889899947,12,Young,0.24957753004235914
195,42,401751.5666170827,26327.943173272768,20353.40803969688,2,69.6940704569776,1,Middle,-1.6717481328338566
196,44,910118.6844900998,20366.124755423734,25091.007693553885,1,67.39409431435772,14,Middle,0.3708098236242325
197,29,795090.5502683297,27981.21044335125,37744.80907402323,1,70.70044348981475,7,Young,-0.09135938935364767
198,41,938122.4886042869,25134.034441910266,8799.126053415916,2,62.75369282515654,6,Middle,0.48332574153773983
199,40,855978.5335161653,20509.59163668983,42431.12266340943,2,65.88152887788355,3,Middle,0.15328120651317378
200,26,1141035.107493461,28415.105994097517,81848.76275486991,3,44.970490733139954,1,Young,1.2986042471812875
201,44,831306.1256619769,37630.4367685072,71389.356067275,3,81.68471477022841,13,Middle,0.05415043822430185
202,46,692648.6147186868,23663.67345790891,8355.88052049445,2,73.58557336386114,4,Senior,-0.5029587693594881
203,52,830574.375758071,30038.305595037273,8081.81711588561,0,60.71852987159884,14,Senior,0.05121035509183264
204,52,935824.507259097,15947.089294901854,15610.650034924265,2,92.78481977626286,9,Senior,0.4740927287889049
205,23,812215.0175814261,18304.94536227394,22398.3887036828,1,71.04419776470864,2,Young,-0.022555338637667944
206,28,810147.9228009706,28306.84394516264,26250.925177694702,1,57.56627713629764,3,Young,-0.030860676929880072
207,46,624502.0780483112,35388.81219975175,56924.42665775756,2,80.2808490576455,2,Senior,-0.776763360151112
208,46,634274.770612263,27489.29344149962,2917.508476068961,2,74.77657859811114,14,Senior,-0.7374978564418326
209,46,449348.6820500766,22808.59378633792,1764.4034271014832,2,74.73495982581063,2,Senior,-1.480508645829113
210,80,1237394.1857967349,24995.03983796348,24871.665370648694,0,64.89093274418092,10,Older,1.685763438139194
211,46,489034.19115217874,16247.145862211977,59728.142876654056,0,75.40594868533641,11,Senior,-1.3210570418155816
212,53,626773.7005510232,29231.607284487567,10748.560735327195,0,66.85890051734687,11,Senior,-0.7676362540621168
213,51,620398.1836077006,31176.331436263863,51291.95595190131,2,76.6712974197501,8,Senior,-0.7932523145846814
214,47,1023731.0942361103,21835.367670168438,15043.64368611164,0,47.140666551872336,3,Senior,0.8272908258771273
215,36,726262.5804269931,21709.70496568349,108615.62282352138,2,64.79351844424973,7,Middle,-0.3679018966945643
216,49,1111935.5181684336,26861.14760756434,113019.37549945613,2,90.66586117369835,8,Senior,1.1816855960415722
217,30,631627.3439390329,21942.961847715833,17640.35057938895,2,60.7951905351964,3,Young,-0.7481348985034246
218,37,869748.5405559505,24537.07169761924,13067.832621562808,1,62.75394043008176,2,Middle,0.20860743917211327
219,34,591163.2366850607,39698.05252416561,26492.265507650143,0,64.6244639386003,13,Middle,-0.9107148162769799
220,40,1336287.281943347,23270.820094778024,13756.827230918525,1,55.42232636933628,13,Middle,2.0831040081158165
221,67,503100.3952426218,22491.618935851446,55795.6304908971,0,43.50063068526097,8,Older,-1.2645407250201386
222,18,877455.1775567569,20467.207360553886,87453.58995806877,0,67.23296321771664,3,Young,0.23957178003938265
223,48,958444.2202330246,30209.34380049956,55903.844684429016,0,71.63031308897989,7,Senior,0.5649760158531849
224,20,903449.7743628746,23731.43078747328,86963.22232633,1,69.36993917753617,12,Young,0.34401494456466614
225,34,753678.0852805729,20454.38873175002,25291.254217093472,1,68.26145725662536,1,Middle,-0.25774969447643775
226,53,767544.8250666434,34249.12822591109,8498.920631877976,1,70.51649045020466,14,Senior,-0.20203480127351592
227,40,810952.8679947774,34937.22103159546,66961.17845359462,1,82.27409765860916,12,Middle,-0.02762650392317231
228,27,763249.4995928778,20797.035039829065,22351.439594779684,2,67.7146457688494,6,Young,-0.21929290258172943
229,31,1040969.7791987275,11934.220340475686,55626.05221006178,1,63.11100907495276,12,Middle,0.8965537893760042
230,48,1352630.7503978377,32052.595828858455,15779.662321674778,3,66.62649418134296,12,Senior,2.148770099320756
231,31,660627.0537480416,20207.591219679973,4235.953125196913,3,76.9521611170813,13,Middle,-0.6316175512501307
232,42,457549.25510523055,30534.37919413938,245190.91152837707,1,86.94432254251899,9,Middle,-1.4475597292835223
233,40,777929.4879121863,11209.273276017151,8492.078318230082,1,62.46227512996986,12,Middle,-0.16031047455261144
234,32,1444927.3344135797,31248.181368095164,222928.08225093893,1,71.1872054443466,3,Middle,2.519606676682445
235,65,599081.3580075672,16521.796495034534,189225.3358553752,0,74.06028930323151,14,Older,-0.8789007568327849
236,47,1209779.2013610168,30115.348833465672,78949.82545309381,2,58.08906391925412,7,Senior,1.5748097509443202
237,18,1219425.20351911,25099.91147485504,53855.69647955132,1,70.24500600655502,13,Young,1.61356622783539
238,42,661602.9395730013,18322.424064223487,43114.64212746629,0,52.411913711894854,6,Middle,-0.6276965593403746
239,32,942245.7697963188,22150.745809512537,100533.67838174588,1,48.771396355127216,8,Middle,0.49989258960756816
240,50,1207099.1557821345,29804.229198696907,17085.060709710604,0,74.40095689470708,3,Senior,1.5640416500417285
241,30,705218.0647531282,25741.26117180664,31525.637222570447,1,65.3935031040306,3,Young,-0.4524562303999095
242,38,749104.9099744095,29090.890863307388,48298.99848381276,1,72.42736489145463,4,Middle,-0.2761241630041502
243,46,654579.771512839,38835.0840916084,26482.62681024505,2,69.7852602758998,3,Senior,-0.6559148041805338
244,50,546310.8173267833,14050.308718022641,27885.944142798053,1,58.283199416034435,9,Senior,-1.0909264444600757
245,25,637680.6137334983,36320.48802478037,20045.126687582964,2,69.45694837642796,11,Young,-0.7238135882798136
246,35,494014.93330943584,25730.49156266249,41532.24333367971,0,55.20278433982174,4,Middle,-1.3010450186836824
247,34,808520.8670648065,18708.511661738103,95047.87628013318,2,86.69166829601681,6,Middle,-0.037397991249908294
248,32,607506.6922353395,15687.804619827071,11252.792555119295,0,53.728355861680434,8,Middle,-0.845048776919612
249,61,858446.4779476869,23676.157264560767,136234.16747176254,2,67.65057674837702,11,Older,0.16319711050749938
250,44,411026.08844909316,31451.550783471215,58412.212568912,1,57.49274094343302,13,Middle,-1.634484219228317
251,24,882720.0580536142,24107.15615735726,86657.51567050783,1,76.84505408032955,8,Young,0.26072543685662614
252,51,1008382.2404022312,35578.08451173143,40618.01483558453,1,66.02282354462197,5,Senior,0.7656209766310299
253,65,301566.08935713617,14841.770169639089,75596.66651918515,3,63.77599936454548,5,Older,-2.074281334735341
254,52,893514.142461893,24915.377365077617,816.6529251670322,0,80.23841854061865,6,Senior,0.3040947701900957
255,21,1106917.248118323,16233.245889108166,85292.05127799828,2,70.35316710013062,10,Young,1.1615227903483272
256,34,497589.74532719865,27545.423178374775,2048.332493146243,2,76.1997333512316,7,Middle,-1.2866818538112696
257,55,1218143.0967094258,31208.2117306811,110324.38677425304,1,58.224088761790426,13,Senior,1.6084148768272708
258,31,904754.7523415113,22054.667444232626,241183.39752657153,1,53.142196672869915,13,Middle,0.34925818917973755
259,45,623747.0360603977,6770.503003610062,17411.780077289925,2,71.28649554448161,10,Middle,-0.7797970280766164
260,49,786057.7305855735,26392.63702757546,11806.28253236455,2,66.17384373406323,14,Senior,-0.12765217278436808
261,28,939581.7281304306,28057.169862134568,72485.85953335793,1,77.51721606944733,7,Young,0.4891887905031675
262,39,819001.3478531028,27830.063284731885,14586.267837357858,0,69.0410985680494,13,Middle,0.0047113204443778815
263,18,934688.9981115923,33650.475342755075,100332.75014712986,1,72.46090407081556,4,Young,0.46953038956135873
264,27,569831.6017301584,17502.62424245666,5426.197488699128,0,50.51940964070508,6,Young,-0.9964227607319525
265,36,842340.2060090195,29761.512738153146,6731.182095832186,2,92.66124327537108,7,Middle,0.09848404638398499
266,25,446571.37577375496,33347.552587345825,193523.79593401783,3,68.02909617961562,5,Young,-1.4916675285199459
267,59,772193.4846628249,12549.886911954382,56018.19212974186,2,78.37104364407038,5,Senior,-0.18335704594431015
268,22,574023.0896338025,27237.56278143284,93829.02669376878,1,59.96689995736448,2,Young,-0.9795818662956515
269,34,616117.5143525584,21470.741182946298,19602.478314211716,0,73.69611882660809,7,Middle,-0.810451528968646
270,41,1109023.2938026092,24429.34128828848,56425.29664908359,1,54.365862837703055,12,Middle,1.169984628688897
271,57,1072827.5301485672,27433.735384768355,45099.89653028421,1,75.42481405911604,6,Senior,1.0245544022986308
272,22,952284.5302267943,21589.400051205135,46209.86030681789,2,65.72831098737001,11,Young,0.5402271220140604
273,53,526921.8088318552,20270.043445868716,57368.98503200989,3,70.3502860472268,1,Senior,-1.1688291493691711
274,40,720897.8875762995,25239.066922416172,42825.57903060909,1,78.37568836156117,4,Middle,-0.38945658754865514
275,28,1103274.4249947958,17389.27842796038,28023.76517463886,1,55.20951626535664,3,Young,1.1468863650302197
276,45,835429.2284099762,17399.2240978037,16142.855828953256,1,61.786099232646436,12,Middle,0.07071656932746248
277,42,1379832.3849954237,29755.61298069552,73176.33943115005,0,75.48789137304118,3,Middle,2.2580629965648362
278,32,898329.459848593,16958.44175388941,12826.77220495336,1,95.17865769456097,7,Middle,0.32344213648362485
279,40,848012.2791225079,29664.187506364484,58940.32514100096,1,68.34301198406222,11,Middle,0.1212737541763399
280,35,722720.8839493747,28238.139049977657,13285.12498118268,1,77.0936334150872,12,Middle,-0.3821320073083001
281,41,833385.2261955705,12919.352898465822,49085.50470250956,2,68.71634236169824,10,Middle,0.06250401418912023
282,47,761882.540904864,20257.047433650412,68733.75971781753,1,93.3069471370756,4,Senior,-0.2247851782348719
283,59,977027.1691721476,33358.7658213316,12340.692840005446,1,49.033339996416935,12,Senior,0.6396400703830479
284,25,1039175.579198646,18131.84128202223,3090.7543652254076,2,71.13545253603229,8,Young,0.8893449095000268
285,65,603502.6348730127,21749.170163834286,7019.096948831864,0,50.493471597255265,11,Older,-0.8611365979764771
286,18,467191.76161055546,28234.426252763275,46569.8336216083,1,39.921141153559404,9,Young,-1.4088172975049786
287,38,340948.65672417585,30483.733564978167,94671.80766855441,2,73.5695446374138,3,Middle,-1.916046914189308
288,47,926997.8317281359,23239.22779768853,2302.030497882628,1,71.6739735537695,5,Senior,0.43862820777450334
289,43,524158.3484565316,20817.42863715851,66241.38874764508,2,66.58195674709359,4,Middle,-1.1799324008945458
290,32,261777.35176187928,34956.589031889554,20875.769546610863,0,68.72567091952297,14,Middle,-2.234147698422764
291,37,897144.651132741,37172.29764658305,32555.020331688793,1,100.0,12,Middle,0.31868171751795754
292,34,1423249.8793581976,31852.006355472568,132154.95923778767,0,66.90189834362279,10,Middle,2.432509268643176
293,32,798482.2721150267,25597.226997955167,20171.22243871152,1,76.1214923350009,6,Middle,-0.07773185877486184
294,50,1009622.6936129105,19342.139948513515,31305.92567736234,1,62.20762216463343,11,Senior,0.7706049684865373
295,44,820457.3396368913,19186.889154104043,688.8440838807921,0,73.54279090048723,10,Middle,0.01056132037151225
296,31,775277.5867022143,28657.598736860302,4256.0429847425785,0,67.14119589933259,4,Middle,-0.17096549476483947
297,50,1029769.1207469421,27928.787546220785,14960.18232280249,0,65.07377820724324,8,Senior,0.8515508904198639
298,43,727431.3639528372,34811.19015062501,1412.3735229361166,1,91.82678238640389,3,Middle,-0.3632058650155714
299,49,866848.0785179758,29553.150647752973,49898.81481727823,0,84.12621955821207,11,Senior,0.196953731438503
300,47,880424.4515490034,14478.437887681273,27791.006249478596,1,71.64095976879076,5,Senior,0.2515019659317008
301,30,632977.3865892378,32363.63332406043,39719.719786681286,3,42.3494567686724,13,Young,-0.7427105894563105
302,33,1048010.5873841307,18013.57560879911,9597.21653030698,0,65.66788932096917,1,Middle,0.9248429101184337
303,48,756260.0608261478,22312.201096333538,17544.018919447142,1,100.0,13,Senior,-0.24737562717629505
304,47,611063.7101267888,26751.40144376186,54506.092957435605,3,67.2320600003235,6,Senior,-0.830757106707263
305,39,934127.4608926009,38969.67242848775,168054.70429497532,1,83.2386108646439,11,Middle,0.4672742005314762
306,41,575383.0045522407,46769.42989203753,2586.6049851739886,1,87.30330882343121,5,Middle,-0.9741178916617613
307,55,807045.2893422821,29247.061413953277,110538.7428405059,1,72.6275669902717,8,Senior,-0.04332668512398254
308,32,797720.2508389491,23717.623668957283,43005.11457011099,1,59.89814041758217,9,Middle,-0.08079356864106024
309,46,1071473.8914578946,28741.539539363854,41496.4286364568,2,40.77625201860534,8,Senior,1.0191156447932852
310,37,918674.5582199881,31213.587981116852,34685.220309841934,1,78.20995850330746,8,Middle,0.40518629556158425
311,37,793743.260313714,22755.32662109966,3595.969222453063,2,60.222927966117425,12,Middle,-0.09677263840085222
312,53,1004441.5748000718,37566.47949138626,4708.768043237807,1,72.1138054226523,14,Senior,0.7497878560446547
313,49,1147551.8872543285,26610.495314339816,45928.667460587654,3,55.002155924927635,13,Senior,1.3247878847201136
314,49,939452.5765879656,28484.20162363976,20848.444032609998,2,66.81714951435757,3,Senior,0.4886698751339863
315,55,802588.1549608451,29661.46976438123,124607.48078922747,1,70.40462865881264,4,Senior,-0.06123491516824169
316,40,472040.9419124601,27951.10627430119,26093.531238687305,2,73.22312297253157,11,Middle,-1.3893338740896404
317,48,533721.5842311569,30872.583503287286,7732.291877534686,2,56.62213375177103,4,Senior,-1.1415084693808937
318,36,723693.8239113331,20679.22769417154,62714.001795878816,0,84.36293138513622,14,Middle,-0.3782228515218894
319,43,647621.9494601792,21091.887722377785,17361.231347784895,1,62.837262583216344,11,Middle,-0.6838704966193783
320,38,753257.1742536385,17298.920369198135,37271.554309504274,0,49.906366474561054,5,Middle,-0.2594408643747248
321,41,814162.4812242768,28076.508614341583,59838.73622284977,1,68.69171896043844,13,Middle,-0.01473066387258753
322,47,932423.1885891827,30452.555524584797,115261.4849452147,0,70.41250370831752,9,Senior,0.46042663932829936
323,30,782375.3054852271,28204.410063063202,78556.8413893404,1,71.92707319806112,12,Young,-0.14244771408381962
324,65,921625.4109565505,36721.44703343276,56406.33958087998,3,86.34558884422096,9,Older,0.4170424670634302
325,27,816118.60370253,24960.827868196673,56914.43173395631,3,67.16261395916969,10,Young,-0.006871198947948909
326,25,306133.3584115322,29681.191589147587,145868.83621545695,3,68.56456450757474,13,Young,-2.0559305968170953
327,53,565166.1515453114,17358.0938670248,17536.35462618405,1,56.76178742520288,12,Senior,-1.015167978627612
328,49,763978.1110695961,22290.302082679194,55.63565158914325,0,79.84664203465476,14,Senior,-0.21636542927235333
329,47,497576.3142897231,29868.764302960444,15869.590716216559,1,72.21170876893724,1,Senior,-1.286735818104975
330,47,949982.1824990511,30943.71477520201,12288.082367478783,1,64.95966727247006,14,Senior,0.5309765656651154
331,39,1182687.7080859244,22942.231366350723,54211.00550295199,1,47.14390367841443,14,Middle,1.465959388291256
332,29,1104690.462924329,24498.805236993532,50216.71385451763,2,87.33294634066105,8,Young,1.1525758351747797
333,40,746639.282267448,14374.883773234335,45003.817750503185,0,55.267840426527314,14,Middle,-0.286030758677743
334,31,1172681.534212488,22500.795594353734,818.8407087170259,0,62.90466388756353,1,Middle,1.4257557847529254
335,51,837166.8643005278,31232.682144638504,65240.890301126376,2,74.30013413291204,2,Senior,0.0776981814122942
336,38,715728.5072204901,29026.435112745963,19543.389400724234,0,55.64130485659976,7,Middle,-0.41022653628155875
337,30,646649.334114765,28504.66004966847,54689.59462440755,3,52.077882660962274,8,Young,-0.6877783481355441
338,36,724382.5783779679,25348.41581026672,40661.71663925939,0,44.512629007592025,1,Middle,-0.3754555188868498
339,44,702955.7953646928,25049.442110397235,20983.089700116714,0,78.65196343486762,3,Middle,-0.46154575680030613
340,33,842604.055593872,20377.75202368587,7226.80136876162,0,63.457765063284135,7,Middle,0.09954416229215665
341,30,840143.4952624661,29891.798941417743,4958.9219654450335,0,100.0,13,Young,0.08965792672427413
342,42,800761.5050383536,27946.81061072573,89046.41684810152,0,58.067739212429515,9,Middle,-0.06857417493086969
343,42,909234.5424365875,28444.131935949594,125294.7947958093,0,58.94258771885295,8,Middle,0.3672574471574056
344,33,1097661.5686965853,21317.756101326937,52460.83635576149,2,63.21528435657518,8,Middle,1.1243345832817597
345,34,1037388.5338603309,9926.59956090129,5459.174856321205,2,72.91761586166187,9,Middle,0.882164776194791
346,42,428775.50788752415,32680.06898227587,25710.501962915,1,64.35755993457626,10,Middle,-1.5631691860134134
347,22,161519.7162745113,21648.13780794117,65270.606470524515,1,77.34798656803014,3,Young,-2.636970823406135
348,23,1033579.9778098185,18960.569651698155,75665.69501452845,1,58.25693932013615,8,Young,0.8668624559028362
349,31,458280.3253961447,29854.352383397956,6290.556238939529,0,53.42089937843703,1,Middle,-1.4446223767543411
350,37,743808.6495268291,22255.911520566093,1.5359658607904747,1,48.42142312709071,8,Middle,-0.297403900690453
351,43,507471.7434851601,32419.554688326352,62263.53829263092,5,43.31710998475364,13,Middle,-1.2469771733675392
352,57,349504.8906049951,29319.041647036884,22049.136037394088,3,63.78317176629932,7,Senior,-1.8816689952088184
353,50,935365.682051197,29784.985262403345,14683.75518333385,3,66.38823625128134,13,Senior,0.47224922427008276
354,38,989788.7900756617,15438.31002159626,649.0682142417693,0,62.4227556702018,8,Middle,0.6909147287890339
355,39,655872.3998183202,33483.6078977048,38858.99428401247,1,84.92086956624594,1,Middle,-0.6507211790673474
356,27,152239.4269637725,26828.753718636992,95241.05661256395,2,84.73636251529763,6,Young,-2.674257910047756
357,39,663438.8879368793,22415.06002527658,158067.6784886862,1,65.98236415066597,7,Middle,-0.6203199395582473
358,36,897951.0013506366,26003.71927139576,41706.16230474973,2,48.472946641696446,14,Middle,0.321921535742522
359,43,430272.1078064678,12566.35336971176,36124.81699611379,1,63.199538703339364,11,Middle,-1.5571560274817153
360,30,845839.9799447889,27860.569680364697,4444.641954546506,2,62.802143272995266,5,Young,0.1125457172650979
361,46,796172.5377067511,17794.3994427255,39800.29713766818,1,62.114380452663305,14,Senior,-0.08701209391805363
362,58,944822.8749002721,15531.30799909526,23900.10289540501,2,61.62737315322106,5,Senior,0.5102470880588692
363,38,829895.0921035383,14343.485696474761,46714.49762695823,1,62.15844525130231,7,Middle,0.04848107504110339
364,44,556732.7647796111,32788.818624929474,24610.527213058944,1,65.36150060922688,11,Middle,-1.0490523126699884
365,48,1099142.8754161228,20595.15624415048,13741.525333169739,3,62.37350681421332,3,Senior,1.130286295577011
366,35,760367.6067432575,35736.093969415495,4989.098305246055,1,72.4998701035071,6,Middle,-0.2308720015491847
367,42,793173.865122517,21249.389758633915,18910.869440627925,2,74.32442459085833,7,Middle,-0.09906039981825966
368,40,566683.010231701,13048.494296849372,5081.974269170652,3,59.07225895381012,1,Middle,-1.0090734228041147
369,41,689179.4372021224,17184.328920359385,9733.693725394516,1,85.2527839120844,12,Middle,-0.516897507506974
370,30,578799.3214932748,33650.68134004857,218450.22392779452,0,58.23925237791263,2,Young,-0.9603915409511029
371,40,756763.4850191443,23908.712754443328,29358.662775402445,3,50.586392634215954,12,Middle,-0.24535292929768193
372,45,1227927.120035586,21161.988924565794,37950.65087010503,2,74.56933685638062,4,Middle,1.647725906176757
373,57,457024.7142671609,26120.127580969514,103422.5198062674,1,60.191102387027925,13,Senior,-1.4496672713030947
374,51,396609.6505308147,28512.479153172815,270955.37647438404,2,73.85549764908866,8,Senior,-1.6924077334338898
375,65,1167792.581873402,32821.79171131723,43699.225889007124,0,41.15597678679364,11,Older,1.406112562074155
376,30,747669.0807120334,35139.49460925048,83691.84111100194,0,86.70947129779681,13,Young,-0.28189315234447604
377,50,632731.8153350209,22481.6194794764,19796.116108814927,0,78.06752089648482,14,Senior,-0.7436972652296706
378,42,1059976.1718490191,15717.666197425731,18245.72245600824,2,51.99428141004398,10,Middle,0.9729191898248918
379,66,648596.115065784,22105.743872137067,25767.100447724606,0,52.25467451384457,6,Older,-0.679956416344161
380,30,1256502.428386734,26821.963546080202,55814.47001277346,2,90.06719084917033,1,Young,1.762538059399972
381,29,969481.4678348172,18253.687516525722,57315.3437178218,1,61.1514411580245,10,Young,0.6093223496616411
382,32,678022.1479635744,18299.9435957347,18934.302072868177,0,59.98978181520852,5,Middle,-0.5617261541787931
383,18,1339327.0533163757,27406.515170849198,7147.922927547222,0,42.807374870208605,7,Young,2.0953174440079154
384,33,648571.2692491654,24659.43353900684,50037.48524175631,2,65.79066153278134,13,Middle,-0.6800562438480153
385,30,985523.8430023268,25229.578967881105,6866.981004259967,2,67.26736462197097,6,Young,0.6737786842412257
386,41,874823.145101623,19690.532657099513,43195.886381389624,1,78.58591716123382,13,Middle,0.22899659009518872
387,44,1125435.3223496994,23387.19500055963,59114.174377199124,0,53.2110588617863,13,Middle,1.235926186102628
388,62,1190377.7991817133,18530.36799012187,60300.660292244815,4,51.756558493112685,12,Older,1.4968572497015502
389,51,808001.0372664416,31231.38887787351,70014.00752795063,0,75.41155161731773,9,Senior,-0.03948660487837558
390,33,611645.5324134541,32246.745343066268,103123.09439492242,2,82.08076085472477,8,Middle,-0.8284194147144269
391,29,914993.0357347791,12076.684964333343,34653.25839263281,3,51.1461717865854,4,Young,0.3903943808612291
392,45,630571.1575619734,18493.42397865313,65512.83351620554,2,82.97816903559689,13,Middle,-0.7523785283766381
393,24,1303346.8118816558,14524.295214369447,48270.46901619814,1,70.45050209784186,11,Young,1.950753159981726
394,61,834133.8327706844,20449.832459151712,10329.069449920911,1,83.10166406889574,12,Older,0.06551182539975316
395,54,708669.6121719729,24415.934211467473,1301.2693165001153,1,69.1573556617886,5,Senior,-0.4385883278653193
396,34,846170.0764662271,14852.48346211029,16741.576163774036,1,39.7326649901446,7,Middle,0.11387200539931822
397,19,463218.42761757586,18546.981308122806,29262.527747851662,0,68.17639141220754,8,Young,-1.4247816757578087
398,56,557096.4903723372,17972.298395429512,47999.84726871559,2,82.72172582405524,5,Senior,-1.047590906970701
399,38,1100103.4769861065,26450.871305792607,94842.44458281704,0,59.27504777099543,9,Middle,1.1341458771879647
400,54,635776.4302571511,25485.410359253754,10923.083715377214,3,65.34442037311058,14,Senior,-0.7314643685396421
401,20,538272.2543295152,19947.837126639228,6707.996070995724,1,67.88639795738825,10,Young,-1.1232244240722444
402,32,934163.1881318216,26237.746104975784,165494.68924924888,0,35.20583344157822,12,Middle,0.4674177482830258
403,40,1096426.0386657491,21173.23940788914,5716.955105387434,3,90.05617090524972,4,Middle,1.119370372170927
404,40,979738.3276662667,23098.41422771763,32551.44406058838,1,59.1834918412339,4,Middle,0.650533179238222
405,34,1049011.921451454,36714.164632089756,44041.80324119707,1,76.06882518967359,13,Middle,0.9288661500062557
406,47,610801.2278576348,34383.22736253244,38976.0566818163,0,68.9595863662215,8,Senior,-0.8318117289053566
407,27,444547.33331453905,15902.931341506817,4497.994544815265,1,85.09142867631232,1,Young,-1.4997998877617824
408,38,1175333.4129888718,30808.12692515422,2935.8768793481186,0,74.87267346913697,8,Middle,1.4364107148296936
409,41,719330.040289466,30679.775881441143,5573.5924525655755,1,67.18090874174831,5,Middle,-0.39575600943815825
410,46,737291.7458862382,16962.156978731673,44044.69340469416,1,59.27781888976864,13,Senior,-0.32358803596311375
411,48,1132048.5354622644,30731.443506284024,39300.95440814525,2,79.57420841658566,14,Senior,1.26249728125398
412,26,939057.502350165,35765.52342888787,13311.738744306478,3,47.5187043525446,11,Young,0.4870825143479712
413,21,913971.9430204019,17142.1863562891,50774.3672079194,1,77.75068504331071,1,Young,0.38629175310521136
414,55,1341250.586225271,18577.480252900154,85758.67549232842,1,56.81146298134153,4,Senior,2.103045967961257
415,43,639120.4424049642,32123.63026790452,2123.4049223217103,0,85.02740394347968,2,Middle,-0.7180285297946306
416,31,1031960.0320203092,26900.467175779537,34470.702224380824,0,71.93559451195235,4,Middle,0.8603537084936078
417,58,814253.2812242712,28860.333926676663,58448.04874504961,2,77.7294852142013,8,Senior,-0.014365840389883118
418,41,867148.0697158142,27384.124514803476,14538.470139077936,0,70.98386576589664,5,Middle,0.19815906000219144
419,54,1182117.106603133,27734.87144649701,18391.915821910134,1,48.97147485830804,1,Senior,1.4636667801392604
420,40,926958.9390724059,15714.695101822419,47549.01370388995,0,59.67125003925594,7,Middle,0.4384719417600107
421,64,934574.0197624082,32331.22394635014,114107.41444139768,0,78.06867205133659,1,Older,0.4690684203786766
422,61,1068126.8343274505,33187.12994699441,83016.67490193986,2,71.99986980831812,9,Older,1.0056675716741736
423,37,708761.8176142786,23394.264791523805,43749.06909849152,2,84.17187886366807,3,Middle,-0.43821785748438996
424,51,590197.5831652484,24695.661351302962,65507.74171064459,2,74.83929475644607,12,Senior,-0.9145946960149275
425,47,538797.7014947416,14282.247482109946,22692.537234359956,0,58.39957731156808,3,Senior,-1.1211132405391275
426,56,308410.85265599954,28599.783292124845,51216.843654732234,2,60.44723034735239,6,Senior,-2.0467798987757124
427,28,1314051.7824850804,29004.402091999007,31384.977807308976,2,71.23500868627885,10,Young,1.9937644447618257
428,48,524197.90856957925,24564.662881004824,10532.109527205674,5,42.23147120799874,6,Senior,-1.179773453116802
429,52,744686.594103557,32870.47351909352,60489.19511776899,1,90.08130262747582,13,Senior,-0.2938764249401965
430,18,730796.6750277699,22661.459383140416,40648.88725041597,2,75.30096083653069,11,Young,-0.34968444974225454
431,25,876851.6744522752,28952.2414812552,22206.782024312564,1,84.72441516458647,11,Young,0.23714697712733784
432,18,1003934.3031348241,17862.349629155193,121146.86572842846,1,51.03275271028997,6,Young,0.7477496994851345
433,36,1015118.3720899364,24835.134943880334,1057.8171669846347,3,84.93478192426306,13,Middle,0.7926859438382686
434,48,654230.6403577654,23779.52019468015,18973.288306166458,2,96.77798693233298,1,Senior,-0.6573175711840857
435,58,758219.5715533971,26577.155454286592,2928.1616538810595,0,54.14945973547219,5,Senior,-0.23950254867457374
436,40,870644.9876220749,22413.31149816649,72734.50973382179,0,79.2568215388452,12,Middle,0.21220925570013133
437,59,737827.2184541132,24079.691830298325,60551.122088867305,3,70.01331933624752,6,Senior,-0.3214365715675518
438,23,1201836.3940049983,30782.330200090546,20124.892145078502,1,51.46679382102107,8,Young,1.5428965059855815
439,19,922743.7379095629,21942.65033933248,56298.59393851313,1,75.91460766222244,13,Young,0.42153577029939504
440,39,983719.4465124544,13753.960294829245,25203.85781542645,0,80.00323845804817,1,Middle,0.6665288360952359
441,44,965720.3171668532,37247.08732943794,70581.38618893652,1,62.786481367973835,5,Middle,0.5942104984970139
442,39,1093368.4643713313,34670.17855083341,30273.63692319362,1,83.99099824306268,3,Middle,1.1070854062812077
443,18,845255.3896759268,15954.16113426067,26575.208594133088,1,49.99883911852963,2,Young,0.11019690385260161
444,38,475792.01301103836,29827.95463671636,136461.07357671353,0,52.06292624260427,11,Middle,-1.3742625214228952
445,24,899921.9879381604,21479.176606140598,14442.744656237739,1,71.63916874706503,8,Young,0.3298407228710345
446,48,637160.7765520427,26844.410507317418,6417.092083205719,2,70.30462333566726,7,Senior,-0.7259022315726514
447,44,667845.8295625608,27059.568903094456,43918.821621381,0,61.40111813891074,10,Middle,-0.6026133779717238
448,28,946591.0046887733,23359.145397785745,174210.16873840982,3,79.71513323166263,7,Young,0.5173512209592503
449,33,1109570.7678584089,19513.640340895225,23727.836040856706,1,76.37073177059139,5,Middle,1.17218431361995
450,27,805317.8941840155,20166.212633786185,3202.2262189049184,2,80.29766885120819,12,Young,-0.05026715117778039
451,39,877208.253149741,18586.656591631305,20723.168614733037,0,68.52236277577279,13,Middle,0.23857966746077167
452,51,1225553.7361588096,19177.244542386885,35254.07098920352,0,77.23096321574009,9,Senior,1.6381899351219775
453,28,860188.294872142,24529.751969654513,8832.265259667212,0,64.65219636364006,5,Young,0.17019552148385175
454,46,1450420.7785450988,19989.680076224737,53662.17349000681,2,94.64582428103915,2,Senior,2.5416786747025752
455,33,941377.4114078861,29774.36445998834,304827.677430358,2,60.24945075853617,3,Middle,0.49640363000929316
456,30,359809.31021104555,35410.72308735149,30050.234810604627,1,95.26356915349974,4,Young,-1.840267076176206
457,38,988335.4052761331,20939.627310409698,21904.21042184496,2,70.41865536507291,5,Middle,0.6850752034112065
458,27,895289.5962206945,26675.83150374764,25599.996218896064,0,53.49386932517508,13,Young,0.311228329922551
459,33,1122438.1885206865,28497.79577212054,6116.641047236742,0,86.41695220586321,3,Middle,1.2238840627358896
460,25,968295.3378174896,28304.01589643492,107396.12782062923,0,71.51081666073951,12,Young,0.6045566218655104
461,63,765386.0040040566,25531.68687541261,26792.272570050463,2,80.21348918056286,14,Older,-0.21070868473868826
462,40,493925.4409276586,30198.776928518055,24491.904824707108,2,84.68627102251112,7,Middle,-1.3014045883136112
463,31,747744.1856784937,28375.7426687646,53894.95570383879,1,74.05546664974031,5,Middle,-0.2815913896194305
464,42,587369.886447675,16336.363043708916,29172.810626817514,1,62.89310986224623,5,Middle,-0.9259560414400514
465,38,654869.1375488193,31084.09245072491,52239.37935496715,0,81.708560532031,6,Middle,-0.6547521662396828
466,37,947144.6011051524,31211.035860867196,3170.7597555369553,1,70.00906608945515,7,Middle,0.5195755047989936
467,47,1217476.1260878516,19656.99727074993,84026.11555044056,3,78.23029382330103,10,Senior,1.6057350690625198
468,49,898667.8824557452,25265.564848133214,141092.27017926972,3,44.155233114502465,10,Senior,0.32480187782916325
469,33,501029.2344912039,29783.302949677487,52315.043165304596,2,75.36378060411822,8,Middle,-1.2728623998948085
470,33,911150.6670550352,23534.803262944468,154574.6494864211,0,62.33697009825964,9,Middle,0.3749562054904598
471,36,1099157.8716614128,32510.846334362082,8210.27132820909,0,89.83971564614237,11,Middle,1.130346548687523
472,18,647554.2739201544,41547.10746233552,32448.4952548964,0,77.47704817466914,4,Young,-0.6841424088022778
473,21,766495.7083317706,19498.097771555123,46040.88992289922,1,72.87829295019156,5,Young,-0.2062500261744369
474,56,803672.0486822993,15332.687777923577,43582.20073750817,0,75.83571992020266,5,Senior,-0.05687996051662271
475,59,603775.42172944,27126.73016923413,25663.244742597886,1,58.01870976547938,8,Senior,-0.860040573185684
476,37,962070.1084609648,30050.937535883004,20630.861888517342,1,89.47908028633665,9,Middle,0.5795443987969789
477,46,769762.9628480546,23383.935383086617,6780.908281102243,3,93.89644502100285,7,Senior,-0.19312259036401055
478,43,904883.1109767569,35172.82464324724,24857.844283034057,1,74.7149621265786,5,Middle,0.3497739187430459
479,76,578126.955549475,15629.75940193726,8876.302587856959,0,89.08484282288367,3,Older,-0.9630930264718534
480,53,690635.4249191474,29850.43036122128,66281.73198274331,0,63.17022161592959,1,Senior,-0.5110475239196062
481,38,980595.3394569429,20758.974254687746,11712.17994501808,1,60.434637205300234,11,Middle,0.653976549570961
482,28,706791.7119770582,37035.64534345108,3017.514815596711,1,70.49109698474707,9,Young,-0.4461335050605038
483,20,1231740.9628083513,38947.60747217683,40188.98263146922,2,75.21929246041478,5,Young,1.6630494678830787
484,42,700090.9535963495,19633.403885516564,45221.78070501361,1,65.27215982508255,9,Middle,-0.473056346573315
485,30,856171.1814379715,21153.10004863994,102752.30184371686,2,76.45321828442181,10,Young,0.15405524270010643
486,22,1033147.7079682725,31017.115208858613,43016.98157094419,0,73.67667378488096,12,Young,0.8651256476531587
487,32,445408.5667667421,22290.0854514734,21192.72203863632,2,58.02031869650734,13,Middle,-1.496339555300617
488,27,359797.79700480605,24682.121474474334,81230.59321896786,0,76.22551620942066,14,Young,-1.8403133348545944
489,60,418585.9213574763,25177.71894379687,38856.763145234596,2,80.36233891025826,4,Senior,-1.6041097195535197
490,50,1115646.0258567955,11562.287906616406,4129.9807730871935,1,72.05763181108469,5,Senior,1.1965939698031804
491,39,662035.4635268883,24903.13577734034,41718.32365373018,1,83.83177723914031,4,Middle,-0.6259587300978642
492,57,1439549.821417063,20171.90558155078,119308.4151461727,2,55.391154478036576,2,Senior,2.4980004760238583
493,40,658938.1003356528,21548.140243201597,25234.940346435593,3,75.61540506558222,12,Middle,-0.6384035629910071
494,29,846137.8257992592,35105.4240242817,17571.990836621986,2,55.9566315232387,1,Young,0.1137424260970773
495,58,1185527.4881419688,16204.451740045206,7743.265081481421,0,56.63102370120295,8,Senior,1.4773692831175251
496,46,1301523.2220397806,30692.43630723584,8211.04956124834,1,62.42882999514652,4,Senior,1.9434261952550878
497,27,1315375.8941590996,23047.25948767734,28349.651529765895,2,58.69527779710906,5,Young,1.9990845662644174
498,37,1102091.5576482855,23041.67882052916,45277.41002215417,2,63.424050175106345,6,Middle,1.142133746253148
499,29,1056015.6314528657,30532.60327236198,4202.537571378502,0,67.43019627146573,14,Young,0.9570062147058803
500,23,948131.7373002957,27380.35906198223,140312.31299839463,1,80.04585383597662,8,Young,0.5235416993434673
501,51,994590.2690416594,28994.290980536716,70352.12972685244,1,66.14609153553157,11,Senior,0.7102064939720341
502,62,662203.5709178667,31777.292623730027,44169.874544586935,1,50.97249151876488,8,Older,-0.6252832948131846
503,23,595450.2791444232,22680.841317716742,88140.72362234401,0,83.68081415794192,7,Young,-0.8934899951247356
504,46,799156.385647262,20714.342858445747,4179.231304027108,2,59.954918396619526,4,Senior,-0.07502335165389747
505,32,757453.8443687679,17403.946314095414,32393.289459699314,1,69.29535487474446,6,Middle,-0.24257914843575512
506,34,686692.9876681812,19222.126290147313,49725.19996224426,0,75.35843808328853,4,Middle,-0.5268877627778741
507,32,974096.8618641788,45643.66097716108,88203.19954677121,2,72.3953250208334,14,Middle,0.6278664479430259
508,29,1038826.3021426277,33712.75706515751,76501.20705942748,1,83.1301545702577,7,Young,0.8879415562840213
509,40,822101.7215729619,15542.47943654385,16222.09212401905,1,75.74803772071311,12,Middle,0.01716824927956169
510,30,1169382.5202638155,15742.79430279501,141409.44351988984,1,59.664285043634706,13,Young,1.412500743361735
511,43,514577.7214666237,28373.06243202944,6639.203107611319,3,96.14274608789995,12,Middle,-1.2184262082201829
512,39,751585.1351800705,28830.85358164577,104025.55311912374,1,72.3320015600588,13,Middle,-0.2661589163359024
513,37,620794.4198492988,28842.18684722155,176920.0605080883,1,68.23191728054192,13,Middle,-0.7916602850071203
514,29,333365.845731735,23215.309445124116,9749.281834062134,2,81.56710507666685,11,Young,-1.9465137370430958
515,33,779329.8285393252,24121.8201799797,64018.591727670595,1,72.99341135116087,14,Middle,-0.15468407428171815
516,49,769563.1229041792,27295.156669115502,2055.972707536654,0,74.79073831527192,1,Senior,-0.19392552323088982
517,46,1178362.435810533,25601.25104405331,25995.23782700057,0,99.90620798320825,5,Senior,1.448580964334742
518,28,957702.9211386944,9464.897390767253,36312.7936279084,1,66.69854286093944,14,Young,0.561997565221731
519,41,543953.2939176988,23391.402585973643,43451.90005579129,0,66.18686927179125,10,Middle,-1.1003986900626417
520,49,1263523.141583547,19040.154960177806,137394.6089939274,2,71.39894214414957,12,Senior,1.7907464408943519
521,19,1105258.4238813382,26226.479932359583,55775.31266739928,1,82.85819122697247,10,Young,1.1548578340116642
522,46,945524.4258671539,45896.81301822387,32819.35453786589,2,51.92159163771521,4,Senior,0.5130658354933231
523,32,743378.975287542,27572.37165832013,82951.11661685223,0,46.41332930228194,11,Middle,-0.2991302801223349
524,46,560140.19081913,22805.292196793216,150322.2939453051,2,62.95461675255823,7,Senior,-1.0353616845326268
525,30,706948.3059822368,31452.610513840766,1115.662396212134,1,50.392924491288554,13,Young,-0.4455043291756643
526,18,1072187.1549260465,28378.81521046449,202338.53474649187,1,64.90202382969234,9,Young,1.0219814516495982
527,20,1271146.5764836522,27940.661433162888,4503.464512965211,3,76.02999635355148,5,Young,1.821376485724749
528,40,1185810.8820680473,29247.954152509697,84204.51143894019,4,59.31101363737284,4,Middle,1.478507925838843
529,43,677787.6445534314,39395.804953806786,16448.455459329532,3,52.87808107862389,9,Middle,-0.5626683606853983
530,29,520095.6416777472,17083.78095271859,7088.528236200342,2,70.83204594058418,5,Young,-1.1962558682550666
531,47,835221.561727801,28315.42453768018,28978.037112440357,1,80.35052181538204,9,Senior,0.06988218956713689
532,20,357890.1586092871,18515.33209012923,51635.12938618986,0,49.66031873780065,8,Young,-1.8479779965642555
533,39,880791.9285461954,28888.58852439574,23978.61072654757,2,79.8427887796718,4,Middle,0.25297844432308525
534,25,763099.3534253328,18569.19441959734,2805.5285894074264,0,79.80767444485991,11,Young,-0.2198961718302085
535,32,683490.8745329394,22078.43230476441,45747.22438072682,1,81.44902122587953,11,Middle,-0.5397534683515001
536,40,401324.2331833011,22934.370600334656,116345.56764170989,0,84.62176257846023,7,Middle,-1.6734651071906623
537,29,928400.0266424292,31830.717035412963,24161.7684704589,0,96.4241670959154,5,Young,0.44426205834823407
538,35,666824.7900845222,31429.181107596898,12188.540500236044,3,65.72689541657134,10,Middle,-0.6067157918305336
539,52,507520.791072428,16279.97836487531,29221.576118598263,0,71.3148589609343,4,Senior,-1.2467801060590984
540,33,100000.0,25384.53877699894,2478.5657895075933,1,65.0027388010237,5,Middle,-2.8841496466181717
541,50,793121.2737373409,20032.94101675579,85875.54531024689,1,70.02372213706973,5,Senior,-0.0992717056806096
542,26,1243062.899167436,16190.465625272658,87533.02920593065,2,88.39448026763574,11,Young,1.7085396468889855
543,46,1215314.8036369674,23480.880647029408,44336.65272312192,1,53.859826192831974,9,Senior,1.5970511353199215
544,57,685725.935853432,22840.620480809263,21778.401088064515,1,59.667403934013095,12,Senior,-0.5307732606967549
545,18,649446.9849095548,41987.01540441866,80417.76604383907,2,86.52617123805473,9,Young,-0.6765377236156149
546,30,917193.5640187559,28030.718777524875,40448.896447186205,2,82.24043808282508,6,Young,0.3992358389273085
547,46,550403.6402029272,15356.67749472034,87415.55120494631,1,65.64242023819506,14,Senior,-1.0744819742413518
548,37,875447.9749548665,21046.581970803403,49910.137443194035,4,80.25282401344865,4,Middle,0.2315070813195517
549,44,991520.0695961725,32149.68306800579,76717.79131143475,1,74.0945901099044,2,Middle,0.6978708017432953
550,32,1106733.305971077,39619.099410089475,45635.23262969475,1,88.00329530801186,14,Middle,1.1607837329168444
551,41,774961.4808800118,13898.116814334291,26733.812456443928,0,70.89411512592127,3,Middle,-0.17223556995169242
552,38,749081.5624557586,11840.529304026684,158439.8720715974,3,82.30758536647099,2,Middle,-0.27621797052691754
553,54,580504.3533108598,38096.75622760248,38947.654208016465,0,100.0,5,Senior,-0.9535409281113237
554,43,593279.911490035,27727.299241596327,46454.808449092474,0,77.1771898605696,6,Middle,-0.9022102714074696
555,44,743380.2770246183,18921.950876865434,12454.336677053621,1,70.59193798953812,11,Middle,-0.29912504989927546
556,35,891841.3767040445,28742.403602857048,49128.30995511572,1,78.66936382265175,5,Middle,0.29737379849885115
557,34,1028396.1565583124,6549.765826881856,42385.78982519363,1,65.61662970155338,2,Middle,0.8460344853873137
558,34,599205.2623299138,25023.628546180127,10218.445033475797,1,98.65561246629679,12,Middle,-0.8784029241631438
559,44,1173172.1422398805,27294.748209901598,3071.812101437328,1,72.16085245235178,5,Middle,1.4277269888190844
560,34,732219.0997393578,31469.890976764807,46362.4426328421,2,66.72480015729384,9,Middle,-0.34396931827530886
561,43,794658.176412891,17902.728333952236,72131.01899608107,2,59.971731939759565,4,Middle,-0.09309661551863992
562,64,613197.0802130442,25599.810129823512,37054.02953920459,1,83.16664229927726,12,Older,-0.8221854822049107
563,50,193939.9349317646,18522.027617582888,12859.106393845701,2,80.40624895393287,10,Senior,-2.506710282863022
564,36,1021011.3490902624,26787.68628972022,54908.915646415466,3,64.03174754303089,2,Middle,0.8163632168877168
565,54,984210.9742731084,18732.57574345883,4174.826788535746,2,76.91741614146908,3,Senior,0.668503735539056
566,35,729668.1107204467,22143.294125878456,29154.917046590195,2,51.897328381445725,3,Middle,-0.35421888543695934
567,18,816747.6793062179,18029.2922364684,8918.474329972349,3,72.21964690087788,9,Young,-0.004343648808784799
568,27,928984.8044260249,29557.9536927656,10195.182244455602,1,75.43307622492034,4,Young,0.44661162517238445
569,18,409363.53577836434,31009.157816596657,11300.755336683302,1,90.48795771471067,1,Young,-1.641164155963478
570,35,667736.8306634263,23357.656010298102,24445.628654586402,2,60.750174367255724,1,Middle,-0.6030513224430416
571,40,998566.1699054567,25267.6659647202,2625.238534351172,0,54.659768454372106,7,Middle,0.7261811856031837
572,60,486427.64420768764,14859.860097565192,25357.73855728796,0,59.2548644688995,7,Senior,-1.331529834042245
573,43,873389.4830416574,22902.26346395249,35842.02795680433,1,53.96117799622096,2,Middle,0.2232363083135759
574,37,460854.54884414875,24648.567680707787,33014.08915541284,0,86.0398882931078,9,Middle,-1.4342794564501704
575,49,916607.4956083816,43345.55163720982,24126.819898719314,1,88.58367154028844,9,Senior,0.39688108651993925
576,18,791089.6294256292,17216.230819580855,91363.0968994574,0,73.84259893538595,5,Young,-0.10743460825177127
577,42,396217.0460236226,35249.24067126706,7851.798973052822,1,84.65553934822178,3,Middle,-1.6939851711392664
578,49,1091184.838614293,31978.011414260654,35230.303557788415,1,71.60750056696283,3,Senior,1.0983118605361037
579,22,616352.1058004877,26964.454831430954,3202.4742744328523,2,68.8586602275908,12,Young,-0.8095089687368007
580,53,597436.8907464048,37310.34338936593,3690.7065521960812,0,66.00354857135486,3,Senior,-0.8855080285667943
581,44,850142.2993077358,27604.73830824804,42650.05377121246,0,66.27530810346921,6,Middle,0.1298319191791366
582,35,1087159.3373571788,27724.114369675503,41737.65997207439,2,51.426381324291626,4,Middle,1.0821378804882749
583,47,546044.5452554007,24628.155428877184,105200.4483715477,1,73.17105716328807,8,Senior,-1.0919962936278595
584,67,815419.9624619929,33564.982176930396,40807.98180319573,2,69.51599307743147,13,Older,-0.009678255451798923
585,42,907204.1250826432,32675.284636676188,160683.24676437612,1,78.9443286889345,11,Middle,0.35909947435503137
586,42,973276.401815786,20620.25898752651,2496.019672895963,1,71.12228195726331,13,Middle,0.6245699381160091
587,34,844110.3888193063,15765.269637808628,5157.46393341898,1,68.0475555811709,11,Middle,0.105596428079057
588,29,708243.0402291694,23579.1355382304,2253.3130580002526,2,59.54568363990843,11,Young,-0.4403022426429321
589,49,593102.44483782,19399.730049216476,10245.345855551026,1,70.86583884186113,5,Senior,-0.9029233110784938
590,29,821535.9707615937,24555.327977692516,38964.68595696304,0,78.85884676979394,1,Young,0.014895130542127065
591,40,531965.2470035983,33662.06694278897,51862.52842440848,0,56.27993210699367,9,Middle,-1.1485652211892776
592,34,100000.0,21798.88841439247,2332.842856698219,1,71.04968504416887,1,Middle,-2.8841496466181717
593,45,909139.951039417,24700.236330818974,145911.61503671441,0,72.7965154183538,6,Middle,0.3668773902967031
594,44,1025983.7102715488,25406.159143658766,92310.37408879372,4,61.38322259658083,1,Middle,0.8363415662658463
595,52,209266.8911145404,30939.01617543699,17592.365228022987,0,62.945724341104,3,Senior,-2.445128415746209
596,33,547567.3238225156,9271.774662107764,4016.4619899309464,3,72.76733018519457,10,Middle,-1.0858779524353808
597,36,954788.5652512994,20753.097936642924,9309.676554186964,1,56.39894778048853,5,Middle,0.5502880336716673
598,28,1314373.8674279246,26478.985845956307,6787.802624741864,0,74.19908458299271,10,Young,1.9950585433365218
599,34,805198.426918852,33400.55269498803,6578.595928071695,0,59.2557475160896,7,Middle,-0.050747156285146144
600,44,617999.2646927164,21556.682867456562,36548.858681878635,4,82.7542443163986,14,Middle,-0.8028908823527933
601,49,754275.88972379,11864.131057706882,14108.03002648547,0,98.0539329446596,10,Senior,-0.2553477881001797
602,28,1143719.104787046,29337.980121762954,22169.231298440147,0,59.67091837957817,8,Young,1.309388225598423
603,50,638508.9552188662,20552.463278220595,227844.40461143086,1,76.4104943484961,12,Senior,-0.7204854117866493
604,56,600201.9983374366,16672.33338636747,57650.40094108894,1,61.27909714141577,9,Senior,-0.874398158726756
605,44,679314.1194544919,20629.582272007432,148777.53202898803,0,82.49145008557348,6,Middle,-0.5565351680675519
606,62,561667.847935322,23708.322496409055,7690.002775422554,0,54.816899090977415,11,Older,-1.0292237419165249
607,30,830667.5789986989,20766.787348232512,24074.626721351444,2,75.76704110113255,9,Young,0.051584834506450725
608,25,1206169.61461739,9561.037600306516,40453.924455349435,2,59.52413239732777,8,Young,1.5603068654045005
609,18,880769.8182790072,31279.463378209926,3993.1978681562305,0,67.51618493081958,9,Young,0.2528896079279353
610,57,736911.6244684281,33924.12528895106,209.81177611591673,2,57.62769669823231,10,Senior,-0.3251153181162487
611,47,727047.1827711139,29560.65393937654,55498.982722293156,1,79.86820565074905,4,Senior,-0.36474945881198667
612,39,409202.29782583576,17036.200307026284,51335.913830304,3,59.95623574672496,9,Middle,-1.6418119906704083
613,43,1020777.4442867897,23589.559262367373,26448.53013599927,0,76.62357111198193,7,Middle,0.8154234155107398
614,26,780540.7007467995,24954.350793393794,33632.3453271286,0,65.87082366085201,5,Young,-0.1498189353404375
615,69,754880.0216023435,29191.56072693337,26845.04922951864,0,68.62633153841364,5,Older,-0.2529204588495146
616,41,1598276.891961215,29678.383421026567,1214.8930740427531,0,71.77307088880154,1,Middle,3.1357467610348118
617,41,874688.2270914216,19860.78340855053,20426.360042939257,2,60.85810394009381,2,Middle,0.22845450575196957
618,48,612052.2374762039,25573.968894894922,9744.951455235421,1,72.52440536249064,10,Senior,-0.8267853226721897
619,45,693410.6009486142,28200.962832306686,5180.557284981379,0,88.36401477225293,3,Middle,-0.4998972003045075
620,42,1087111.4272991887,35190.756255027365,157003.73348319915,0,60.66286257000743,14,Middle,1.081945383635702
621,30,828317.6026344411,29931.545778773063,45734.5662107091,1,84.06172171928614,14,Young,0.042142912022585285
622,45,440430.50542065833,30523.396811628634,65218.44689477539,1,87.97717160185341,8,Middle,-1.5163408072555469
623,62,1029807.2336438008,25586.786395505525,18943.379691203736,1,60.206140131663474,6,Older,0.8517040234569654
624,56,632963.9786152515,34873.21401642453,24973.445263356512,0,52.53934473891338,12,Senior,-0.7427644610836895
625,59,1268324.4440543863,27868.339571716482,13519.88189223256,0,73.62353080206118,10,Senior,1.8100374969410264
626,33,1070012.016428662,18972.384628785006,5099.735481909057,1,63.43110972679752,11,Middle,1.013242006693324
627,28,688169.5260853122,34823.589790876336,9863.535276191766,2,92.42323862995603,13,Young,-0.5209552089483787
628,38,1120254.0904337782,29885.322907773192,79854.23771649213,1,70.41769048599798,14,Middle,1.2151086192261589
629,40,816963.8776318508,21898.691852100623,56589.70922056745,0,60.373607103577854,5,Middle,-0.0034749899308426264
630,53,1013193.4187805549,21643.549228205295,39585.30795843907,1,56.23408586785946,13,Senior,0.7849517128865539
631,19,921183.2043236187,27076.028815985333,32226.410872873563,0,83.07885950908997,1,Young,0.4152657339807073
632,58,588410.8362522817,28242.293566873093,127831.48745537638,0,63.14579231098976,12,Senior,-0.9217736302829945
633,38,639112.5419206345,26381.045859418446,3775.791477930543,1,70.52594559352514,11,Middle,-0.7180602729907586
634,34,1057490.2043952902,27179.160714100195,16466.94390801953,2,81.46963294134977,12,Middle,0.9629308714943224
635,27,716306.1669733648,36899.70162203466,21534.36553857897,0,64.18889977683004,9,Young,-0.4079055688490144
636,20,699087.8841895008,32500.802065644202,76260.7696668973,0,69.44885405511808,3,Young,-0.47708655884670237
637,49,561219.3551626618,26334.44913885517,244740.17579172464,4,69.80117908212976,3,Senior,-1.0310257319528668
638,40,905899.7663983653,31589.174065372383,13765.974568914324,0,78.1998941381931,2,Middle,0.35385871799023305
639,24,1315631.2298107862,17772.332675307225,103695.77557225978,0,77.08893202612391,4,Young,2.0001104742127955
640,24,533116.7714364318,27785.489349627664,88781.34324463295,1,67.35863522494206,12,Young,-1.1439385344708666
641,35,806054.8641681895,37665.144448131774,12722.513987642767,0,70.76378873795821,2,Middle,-0.04730609439042654
642,60,1153055.1388538573,23473.678732253382,25485.693782618822,1,65.53865186171814,13,Senior,1.3468992879675126
643,36,780089.6521885712,19066.562499666405,26353.921845581684,2,52.268651116966666,9,Middle,-0.15163119421589902
644,21,913092.9490624334,20435.377779848575,191339.69282322004,1,73.09121028877755,12,Young,0.3827600610673021
645,37,534401.6179632801,17372.56873860328,9976.9607645218,1,92.70630112999682,10,Middle,-1.1387761756085906
646,36,907076.7743019122,19506.666643106077,80261.83029095837,0,59.39537031170725,7,Middle,0.3585877942299837
647,18,753213.9337488628,22406.4433098698,20337.750546744755,1,60.723643484767564,8,Young,-0.25961459952392235
648,39,1046432.4989199657,15161.030865749506,65628.10147679964,1,59.5512667402751,3,Middle,0.918502340409753
649,37,1096846.5128911878,25109.32833764722,27237.307427260843,2,78.69510134467747,6,Middle,1.1210597870533228
650,48,1447390.9105046536,31315.94021650653,43180.14238904101,1,75.38182545035728,10,Senior,2.5295050292100765
651,62,944908.2933033939,18645.70673897156,89371.97269513216,0,68.09754769100252,6,Older,0.510590288932392
652,53,881449.0791455416,35634.987465492384,81524.2848016774,2,58.98377126033242,13,Senior,0.2556187964192277
653,36,848596.075394334,28575.544619693163,100653.92812131745,1,71.10852149967909,1,Middle,0.12361937740421143
654,26,711708.4267973279,32214.0640993684,3073.4192931961084,1,51.224534471970344,6,Young,-0.426378736070339
655,70,884620.9608654227,20395.158123035042,58890.98213629114,2,71.72111880228992,13,Older,0.26836303580078696
656,40,726149.6474652427,30981.67658946631,7540.410580589976,2,80.45829263305521,14,Middle,-0.3683556477564639
657,40,842115.2440674036,17356.462697232808,26877.183660043196,0,54.98561036039587,3,Middle,0.09758017635070991
658,39,1129399.38390199,31231.73250585556,39768.78752250783,2,51.60978067804403,11,Middle,1.2518533088036348
659,42,548364.3586800897,26202.87537855472,25770.094340727694,4,88.9532547003383,3,Middle,-1.082675562208562
660,38,1084969.6402822614,28872.758539893486,36658.02467038247,3,62.65888432594498,3,Middle,1.0733399409179136
661,33,1129278.7668349664,16770.83776062604,283126.87518027227,0,83.63137415132586,10,Middle,1.2513686839306404
662,33,770482.8682522303,18734.511104063768,7263.851666978774,2,68.15202801762602,11,Middle,-0.1902300970073422
663,39,269536.2752478514,29180.597527773694,56266.71492511433,1,68.05654219670407,11,Middle,-2.202973276744727
664,33,648044.5032263919,18361.563970430594,25209.13405123931,1,75.26095239395974,10,Middle,-0.6821727263921847
665,31,1124248.6366402772,28242.44404469386,7136.380217502092,1,59.39201371904271,11,Middle,1.2311582256024745
666,41,794282.9844252794,15430.03535477828,8642.533183682655,3,71.58996572194775,8,Middle,-0.09460409181392382
667,36,550174.4419262724,30937.219488666677,149064.95301094168,0,65.42212702211089,13,Middle,-1.0754028653594605
668,58,673806.2696929456,16372.336796620437,105847.4088672749,1,54.15407867913962,5,Senior,-0.5786650461770801
669,18,1010155.0066261382,28866.099563756663,118780.35374513888,4,74.04978489671679,4,Young,0.7727437381714132
670,53,936683.3920503448,29379.416535522007,238577.62743172565,1,66.84030631746501,13,Senior,0.47754362461274225
671,54,740266.9752075764,20122.597270992977,11679.609309297986,2,68.1157020586635,9,Senior,-0.3116339222745396
672,18,708293.897046328,29074.185969593087,21959.31687349419,2,55.4780686790301,9,Young,-0.4400979060663216
673,35,702060.4627390446,26823.095843334893,55314.94222334932,0,89.09680441315365,1,Middle,-0.46514309564048484
674,35,569397.4538753744,21228.107006650833,33063.295600659534,2,80.52057023663339,2,Middle,-0.9981671146130189
675,23,1203843.9223673604,17940.117211466542,27097.71783350867,3,81.56987061006375,8,Young,1.5509625135718204
676,30,719419.882697165,11261.620158291948,22143.65071763801,0,66.33466357069982,5,Young,-0.39539503344616117
677,26,1104289.630206374,27447.550331097857,45043.09749440003,2,49.24980532595896,7,Young,1.1509653375078703
678,61,1180329.012980613,14046.380600465614,42853.169423962354,2,93.43500858987413,1,Older,1.4564824349541285
679,51,1049577.72453699,25667.40939608916,8804.520582092211,2,69.26682990392958,12,Senior,0.9311394787750112
680,55,692094.921820488,23155.862487424256,31908.319232787973,2,61.01440244775935,10,Senior,-0.5051834408515827
681,48,900932.5225841524,29753.999428067367,40312.633474358874,0,75.00161889379737,12,Senior,0.3339009295777221
682,26,793951.0984022709,22885.68150357095,42231.87962065901,1,84.00544945603957,5,Young,-0.0959375699502941
683,33,574074.5348174679,22693.86549557036,11792.901497912002,2,69.7233933269744,11,Middle,-0.9793751657331587
684,45,881089.8204304008,30123.09493001807,67792.40778292903,1,85.3429020152725,12,Middle,0.25417533809700554
685,25,505240.05221004935,27345.406203588824,1276.1014326196362,1,82.99599926220242,3,Young,-1.2559438405851349
686,48,1096919.847115391,27213.09170027945,21912.215353974534,1,57.0834257511753,10,Senior,1.121354435148883
687,37,683845.6756754017,28284.873128659685,75754.73921632272,1,61.91451873208628,12,Middle,-0.5383279200203474
688,35,850289.9139682099,14250.995137550259,41493.37359383612,2,81.4904459593572,12,Middle,0.13042501713657884
689,48,870821.9678865356,30297.520759908875,15133.859130711893,0,37.44864923427475,14,Senior,0.21292034112363917
690,45,735273.7565739807,29287.281558095216,59364.49035572362,3,68.20653168202014,2,Middle,-0.3316960743882672
691,35,946673.4503688187,17883.21809996452,41896.04160774717,0,52.83002558050394,2,Middle,0.5176824777888757
692,53,681274.0858443689,23291.43668428059,79541.5081360898,2,64.2813543827977,9,Senior,-0.5486602587681787
693,27,1017824.3243643111,24724.848986606583,66406.02498692309,1,66.41415893164955,13,Young,0.8035581347284756
694,47,463505.0799383129,24058.52250918787,47094.26506615993,0,65.7010674651099,4,Senior,-1.4236299411985234
695,47,831594.894886603,27337.01976597974,33488.886813008125,2,63.3728649746487,4,Senior,0.055310678248889085
696,36,1284732.2497645712,35019.567472818286,7146.319423761691,0,56.83427620445423,7,Middle,1.8759620875038012
697,43,549917.1688486063,32572.3670937098,15145.404636634514,0,97.50293520182423,10,Middle,-1.0764365576524788
698,24,630563.7573687872,15814.465645980155,27158.787331419077,2,92.40954404993622,10,Young,-0.7524082614631036
699,51,928476.9624147287,29354.48993214234,45727.02409857454,0,56.0552101569246,13,Senior,0.44457117703101623
700,37,844895.4454848995,34302.53323674787,36047.285736315534,1,88.98540101564281,2,Middle,0.10875069137068542
701,33,887657.5248183898,27707.65964482442,16996.828341644225,0,65.20641411432577,3,Middle,0.28056358466472026
702,52,922296.7825369159,32636.862976301767,324.2671116690151,1,71.55024967998052,3,Senior,0.41973995735145786
703,31,958680.3671404425,39085.893119905355,34282.68851098677,0,69.24071248123701,6,Middle,0.5659248257342362
704,23,1077424.9604890558,32165.96682274887,16817.431412409147,3,62.08301630495241,3,Young,1.0430263246379756
705,21,902454.6642321282,26745.1601694921,66327.4216899862,0,81.80622812327375,11,Young,0.3400167117056798
706,47,739685.5863453643,32315.619318593275,1211.8819004625182,0,71.51063836691989,5,Senior,-0.31396987282003497
707,24,968143.4253006829,26014.214831678237,43953.096614383416,3,64.2813829213691,4,Young,0.6039462556380735
708,61,1274970.483723804,25167.32130299469,141914.41185867114,1,54.34492667439433,3,Older,1.8367404852509346
709,18,766841.5634043566,22540.10035000387,9582.805450842117,3,59.27685983537056,8,Young,-0.20486042207642294
710,60,556367.6738323397,35943.89351182476,31899.76861234839,2,50.30343861277484,14,Senior,-1.050519204199677
711,42,1076770.1673217432,19270.999338405993,4793.726500940331,0,70.14668258098203,10,Middle,1.0403954444203003
712,38,769904.7090116005,35726.574072746815,49132.467053223816,1,55.64001289258725,3,Middle,-0.19255307132163152
713,33,256832.613496491,28499.0488661826,39984.49535949602,1,66.8132738497775,6,Middle,-2.2540150622460366
714,44,1011855.4192876054,15204.856776386408,26158.873418563344,1,86.44122224332445,13,Middle,0.7795757917972921
715,39,666167.9535115194,27573.545050939952,36842.104634789954,0,84.39159487505903,7,Middle,-0.609354882206585
716,53,777366.6794239598,10299.814446438631,113445.26322154411,2,69.61267727076859,7,Senior,-0.16257177138943069
717,41,882995.0826422536,29378.55611781725,10926.106223277317,2,68.9549832862822,2,Middle,0.2618304525863951
718,41,847624.9199447666,31196.620380922937,1141.1492965000414,0,92.5584945930521,14,Middle,0.11971739157402803
719,35,977362.9542847599,20853.508310435624,98903.80829046354,0,76.24907344430453,3,Middle,0.640989214592642
720,39,691128.4073575392,25864.833871689076,43032.99643822845,5,66.06632248148172,12,Middle,-0.5090667797555378
721,43,928276.4495440207,38679.10203625201,110663.94298015023,0,52.88778259455458,10,Middle,0.4437655404250326
722,19,735113.3306040207,21459.773070166444,45434.14021101691,0,74.72647861797692,10,Young,-0.33234064664686486
723,23,984702.6202218757,17587.646890603795,83078.9704168021,1,79.95188527099435,4,Young,0.6704791098485051
724,48,953841.8710032634,35371.64381723819,28077.30177683868,2,62.42018170583627,7,Senior,0.5464843300081623
725,42,566140.3244888511,38738.110333715566,69286.71215841587,1,73.4944330616564,2,Middle,-1.0112538688694543
726,37,1071495.529043758,25025.86970293493,122116.19524350301,2,65.63712046101965,3,Middle,1.019202582011705
727,40,666009.138721488,32080.241247858496,42445.97115474032,1,67.79161120961197,7,Middle,-0.6099929809379488
728,44,1002014.4495702863,34390.33140871617,9970.444905313678,1,40.146135309252024,7,Middle,0.7400359586950375
729,33,891821.8283503351,19802.610372231313,15653.249856366387,2,67.33862315540637,10,Middle,0.2972952555640291
730,30,1259545.9191987806,21602.85915242492,11072.535305364734,1,81.63243162889665,3,Young,1.7747664395508405
731,42,744133.5044070369,33616.121592083146,14175.009940727592,1,62.4231693332013,12,Middle,-0.29609867284047153
732,28,712670.8009704506,36795.099950959564,18294.106395736868,1,70.63031641858379,1,Young,-0.42251203235310025
733,44,795145.0985280669,28940.166021220484,40499.08432038345,1,60.92859151969695,12,Middle,-0.09114022100459446
734,19,724205.0542914311,18841.29952548562,44335.58065018187,1,74.32530011551327,3,Young,-0.37616878932207365
735,52,999985.4754855125,38909.42778189609,27799.845084185436,2,67.40172162956591,5,Senior,0.7318837847746598
736,45,395922.347890853,21283.20371531625,47780.27384912371,0,58.72910151181592,7,Middle,-1.695169232803916
737,43,536579.3952134114,22654.035531799836,4254.74757685511,1,85.99061761198153,4,Middle,-1.130026128461048
738,51,533049.2696052017,27396.36484142735,4594.155982650752,4,81.14718416238658,13,Senior,-1.144209748712715
739,59,1037576.8979933939,35879.122945003415,9426.809002664526,0,62.7411188328619,13,Senior,0.8829216006336117
740,52,1227653.3431454813,30977.831835865567,36498.598108739425,0,75.97345971301333,11,Senior,1.6466259035496846
741,18,773887.6953656322,27904.05850253337,12039.58582359604,1,76.44894403384457,11,Young,-0.17654991104263879
742,24,757794.5692024974,28243.019710826742,16653.80873313557,2,77.70761482013411,1,Young,-0.24121015702063614
743,32,817513.0407782954,25304.602680504264,25567.357668028373,4,49.668929248059065,6,Middle,-0.0012685184366651584
744,40,1090469.5756520475,28906.976601629543,83530.07316259138,2,82.07927849239154,2,Middle,1.095438019952931
745,46,568161.7164523564,7293.07945613988,697.9556282118813,0,63.16361244489122,12,Senior,-1.0031321590007025
746,31,859592.2456836962,22923.747786511412,52402.44491350256,0,65.7060647987048,3,Middle,0.1678006675102231
747,42,1043799.4074456075,26689.25354441747,55263.197757751106,1,100.0,4,Middle,0.907922895453646
748,30,925273.5424849613,16942.90141466345,80136.96500504555,0,73.62248056865214,6,Young,0.43170022091410787
749,32,847395.4041496859,27704.26322468092,134969.09824771478,1,65.3641302946339,6,Middle,0.11879522470506078
750,23,1050261.5231417853,23568.70145309715,1017.1689702263214,3,43.53646752692913,7,Young,0.9338868993530439
751,28,124191.92675019067,37288.32988820843,8349.014240557615,0,86.67716960735626,5,Young,-2.7869493936348624
752,23,969468.8298827269,36011.138076503994,108653.02700153756,3,53.85748395029677,7,Young,0.6092715718896572
753,28,636481.0792181441,21739.36101617286,30672.324616451733,1,57.958733158005955,2,Young,-0.7286331737373348
754,52,342341.77578588575,23944.136019033132,41573.43152448335,0,66.02377241094581,1,Senior,-1.9104495293000285
755,28,927800.6498812452,24482.36704074125,54387.65375510782,1,86.99694150040351,12,Young,0.4418538345874318
756,71,1143414.6362907393,21838.38366688264,56826.08340109486,0,79.27887983998912,10,Older,1.3081649077878135
757,45,765637.871343077,26365.17488819689,134221.862202735,1,68.10594988191689,8,Middle,-0.20969671205359278
758,42,1038218.6368007347,19692.025517786868,289621.1347018033,2,73.69950476366586,1,Middle,0.8855000300025017
759,29,1203069.5644971614,17085.692655437317,63676.4097232243,1,62.79537168554673,12,Young,1.5478512367537238
760,48,1128728.6133960118,29358.978567301878,16929.207902268365,1,71.67584427478421,2,Senior,1.2491582335602247
761,33,1209991.1323428482,29406.707089552678,105910.11738477791,4,70.88004093733764,11,Middle,1.5756612641479493
762,41,985531.872767973,19369.789682380055,2523.6770260244766,4,81.62523874817624,12,Middle,0.673810946874139
763,70,818858.4097253982,31267.488015338196,13138.47276415242,1,81.6061374692674,10,Older,0.00413701223332378
764,38,399508.5470257079,20578.95589584268,113838.90749635237,1,75.92772858646774,6,Middle,-1.6807603158641493
765,53,738484.3779675128,26772.15666626587,14798.584458301168,1,65.65182930944677,1,Senior,-0.31879618365581486
766,31,589188.3511709521,30742.408088287193,12464.819983522058,0,78.90186753268152,10,Middle,-0.9186496688237252
767,39,1342735.6793744536,24764.71204707401,7432.268527692112,2,68.89637840556344,3,Middle,2.1090128936755637
768,61,756028.5468919158,28183.18638498794,97989.41551541256,2,57.017027575442405,7,Older,-0.24830582232812723
769,32,830801.2016961214,21384.992492786998,34663.18528654564,0,65.16054649706874,12,Middle,0.05212171443866523
770,61,937871.3440101169,23624.73391600332,56180.0772322153,1,71.01432380541189,8,Older,0.4823166727545547
771,48,810900.6115931134,23558.983983837617,13660.457880636797,1,80.92258940397694,4,Senior,-0.02783646386204728
772,33,1223762.7601076881,19773.95157421833,70949.22978741559,1,67.79766193411416,12,Middle,1.630994008685292
773,47,644337.6595663871,23762.580858189525,71356.97299578956,0,55.48961546512473,3,Senior,-0.697066378528396
774,51,848651.8638093107,14159.671907953772,18741.80206459728,1,70.68090019956183,1,Senior,0.12384352854790766
775,47,614382.353575488,21561.92377000527,26439.520851583853,0,71.36147248067863,12,Senior,-0.817423196345104
776,21,469994.3721948236,23005.871546412305,11766.517823414586,1,72.23005154683304,9,Young,-1.3975567451472621
777,31,647057.7272736786,23206.74173253234,187667.74861734075,0,81.03845819145316,10,Middle,-0.6861374735258877
778,37,790740.800737897,23309.51787890455,51866.816594358155,5,82.22707888107878,6,Middle,-0.10883615997791188
779,39,692674.4438706851,24567.650600979097,136318.76477177028,3,62.86946953142,6,Middle,-0.5028549909323087
780,47,626894.755031536,28356.090626602447,18076.158425404137,0,62.60627850341268,9,Senior,-0.7671498717143151
781,42,448420.63408204156,31121.61951892766,76137.99711270446,3,57.51761546853432,1,Middle,-1.4842374309814963
782,23,779223.6068428264,20451.64341206213,72591.5130024136,0,78.38578804336572,6,Young,-0.15511086028676088
783,44,423819.90649224946,16577.59401227599,58826.90535499077,0,87.38584130005259,12,Middle,-1.5830801965864487
784,47,990013.9909224006,17705.68911429828,168541.61794382893,1,66.21901686509293,5,Senior,0.6918195587143685
785,46,820609.9382336258,21589.57955163551,25007.08965940357,0,67.10283322330008,13,Senior,0.011174443185608982
786,52,435612.1251337674,22536.550775284435,7004.345865100578,1,87.60139068278771,11,Senior,-1.535700479913778
787,50,722697.7307375341,19610.0275366178,55692.72200237665,2,76.0666942385801,6,Senior,-0.3822250341296656
788,45,611960.8986023542,15927.183350250738,65339.01436091264,3,75.23482845761266,14,Middle,-0.8271523112852539
789,39,879793.6276047952,21807.154207680684,42790.432300046574,0,55.709001928315274,11,Middle,0.2489673911705366
790,20,1135112.6115057862,26269.9863407978,11585.122037602505,0,78.14473683135303,8,Young,1.2748083703898658
791,45,331206.88258856384,29165.206260848954,35104.9506125729,2,58.8503639138829,5,Middle,-1.955188191370973
792,42,828756.5197868543,21098.038628241753,18712.112949002625,1,56.3917577687805,2,Middle,0.04390642836809247
793,43,759966.8011083399,22109.01524499596,27884.203958921567,2,65.83874107879946,12,Middle,-0.23248239039970553
794,24,967835.0191126164,18513.111838068824,51812.66928682797,1,62.97048731861572,12,Young,0.6027071166554191
795,27,853299.1570594222,24779.925807376567,68366.71084061067,1,67.34080366737953,2,Young,0.14251579406288595
796,52,612007.6670652952,19060.9995606643,13212.907745905904,0,52.708220385700976,10,Senior,-0.8269644012243298
797,39,720236.5160833455,29011.894692688402,25987.0423808171,1,81.50579567761207,5,Middle,-0.39211389868781726
798,48,600993.5357991278,12498.934556461221,15678.143550541638,2,83.53223553419716,3,Senior,-0.8712178563756195
799,40,1069001.7846496496,22482.592292832764,11071.726492551059,2,46.631890310310226,10,Middle,1.0091830168697455
800,40,805327.9121679856,27107.751374342195,76482.19716832733,0,81.7414936679986,3,Middle,-0.050226900122693575
801,51,1275297.6714382519,26286.84161425753,119983.82485218566,2,60.273656442140485,8,Senior,1.8380550861484064
802,33,784834.7965463448,43851.235647863476,23120.203811650063,1,80.28370644379343,7,Middle,-0.13256577471539222
803,41,622898.3082723843,27448.60017197535,69571.1594296932,1,69.17864208800302,1,Middle,-0.7832071142826776
804,34,421571.4018467932,17971.617822105927,113649.0278736089,1,70.34530676897198,12,Middle,-1.5921144179045492
805,34,349215.0809360137,24331.750270376488,93580.4781949586,1,67.77882820694538,13,Middle,-1.8828334156137279
806,36,403966.0142486276,12566.275665734838,10094.389980158063,1,84.54555045080184,12,Middle,-1.6628507485028314
807,42,866781.6627528708,24435.801754922675,156511.07082044258,0,55.12494384969966,5,Middle,0.19668688087976327
808,34,927181.2558074835,19168.60760099469,23634.47688789533,0,77.2940840648201,9,Middle,0.4393651836714591
809,55,404702.32449196663,31407.73192892113,20718.279596100067,1,83.2159619786746,4,Senior,-1.659892342474829
810,29,1023759.5785190288,21153.218077831254,3223.2636458293314,2,78.59608096648493,1,Young,0.8274052723011066
811,37,679234.7370791401,24182.638589433274,33293.49595318489,1,97.89638697188101,8,Middle,-0.5568541169072322
812,34,836698.2529963873,20551.095110169175,5771.306646551917,3,63.65263884730361,5,Middle,0.07581535753540149
813,57,1203055.157063856,37171.95946297332,14286.852989288443,1,81.48765787112238,2,Senior,1.54779334941897
814,42,1024209.828966383,22751.30063717462,19058.820690720644,1,68.72691237590296,12,Middle,0.8292143244630361
815,52,732867.338023542,37827.89930435441,82728.64815043216,0,84.80087291623204,1,Senior,-0.341364774789922
816,22,577201.9436461781,30699.062334827868,104167.92028767936,2,69.90773205134357,14,Young,-0.9668096130811579
817,43,262046.14966767374,28374.467091347702,18010.223803736895,2,65.34549061765037,12,Middle,-2.2330677007560054
818,50,620211.670189395,27581.132031222638,97842.8346581652,0,85.67286644645955,12,Senior,-0.7940017030741265
819,40,747217.4402930764,27756.58108751376,97326.34503980556,0,64.10125673177284,12,Middle,-0.2837077892451835
820,52,553205.118212204,11506.29194458073,72334.27746598925,0,53.04729089319333,3,Senior,-1.0632259724337763
821,33,767185.7582269239,23047.816240944703,7931.918373443041,2,63.79783740191406,9,Middle,-0.20347748866336515
822,56,819212.9707396921,30916.10579829025,58611.24828976646,1,77.42839535906239,1,Senior,0.005561595758367597
823,67,743786.0045479804,24657.71971568126,145042.98636628973,2,86.7044650190451,4,Older,-0.2974948854927645
824,35,637499.3547941351,15163.671072374975,57370.24804786159,0,71.33355250355814,8,Middle,-0.7245418649046362
825,34,842163.667991682,24633.168845957713,20144.684534963282,2,85.8183648068083,8,Middle,0.09777473785624453
826,57,910485.1623923522,36928.73861378844,34715.3243578947,2,53.70190094226888,10,Senior,0.3722822877722752
827,58,527400.2306392884,33728.24200874304,51884.09768183779,0,64.68083842218516,12,Senior,-1.166906908069607
828,33,1152733.0949365676,24565.971934437777,35725.733270672215,0,66.53709859415079,11,Middle,1.3456053542285618
829,34,775352.9669289346,31660.144939406608,6388.994881696099,1,68.62528687032976,13,Middle,-0.170662626077165
830,36,804712.4057362119,22434.45085742364,18702.976676938575,1,71.00913265900236,11,Middle,-0.05269993096058589
831,23,977053.6058141394,13072.898892212968,81074.52027894015,1,78.29093148870632,8,Young,0.63974628963198
832,28,858304.0328158754,18528.73808309312,98814.67017064018,1,64.66231794195411,10,Young,0.16262478309466882
833,27,1038284.1584783113,35940.221379557384,7384.415541095352,2,71.6683442434375,8,Young,0.8857632882250525
834,30,871781.041300456,23082.04842719487,152232.2122757454,3,69.45852531611138,4,Young,0.21677378278726778
835,39,646890.6563398906,23296.312144374875,19936.091101297752,1,58.8893211533062,8,Middle,-0.6868087444501944
836,42,890375.8813015254,22901.132626075836,54281.90178299471,2,68.63599973102278,9,Middle,0.2914856141743176
837,58,514068.44816983456,38328.95612701105,69681.08623132625,2,68.27608564123459,7,Senior,-1.2204724070945723
838,28,827139.9264441308,36381.71240753445,83551.36855348373,0,68.01903321996345,14,Young,0.037411150686970436
839,51,791692.5023388847,40531.46163413694,145707.33988268426,2,70.38111347897741,12,Senior,-0.10501233737230252
840,37,747970.7856818651,23886.683527199642,18765.19436995211,2,70.90808248736063,2,Middle,-0.28068093805097316
841,39,767865.6221402673,27069.371421229665,97775.05890722909,3,64.81245785071204,9,Middle,-0.20074587720250123
842,48,329537.7386255902,14383.502154054462,7060.145951758322,1,85.27257680765518,11,Senior,-1.9618946111258742
843,26,662818.7730647596,35338.54098282792,61045.92989313401,1,55.966232449563805,8,Young,-0.6228114865553577
844,44,823211.2252852786,16825.543141124457,67735.46890363093,0,61.348358698361245,13,Middle,0.021626101795267513
845,41,839964.09799935,26517.428946338405,56617.23016105115,0,100.0,5,Middle,0.0889371300907749
846,45,543081.2147685104,17318.882306570093,14538.657989522824,1,57.544103740129245,12,Middle,-1.1039025992302696
847,43,1116426.9602161753,20877.932212829128,103195.399526277,1,53.754943903482896,3,Middle,1.199731670164086
848,69,583456.2879463749,19139.1629826521,9247.75888878609,0,78.81372094001462,7,Older,-0.9416804096695672
849,32,1042364.3001316842,20744.873175269277,2756.3364477845607,1,45.074561754713514,14,Middle,0.9021568068154004
850,33,906798.5904679212,21226.14107795715,63197.64045182417,1,67.17671308033073,14,Middle,0.3574700850322418
851,32,638443.1725390493,21162.118435524462,32263.177571104163,2,95.74989910091786,2,Middle,-0.7207497186848204
852,33,1243827.723152378,30833.337382462152,94556.23958741025,1,51.46076893415919,13,Middle,1.71161261770242
853,32,501590.79206088,17265.96044856236,24176.506345891867,0,46.21642617113544,3,Middle,-1.2706061290983215
854,54,1029788.5434025005,26543.78998909707,9212.886809469957,1,52.00982557650762,12,Senior,0.8516289283146282
855,57,1050145.5795107447,33525.71406613891,90529.43941290196,0,80.78031482016382,9,Senior,0.933421051783922
856,33,632344.9477308388,21407.625448406226,39804.37931239487,0,83.49732063982975,4,Middle,-0.7452516527485256
857,30,1148116.3250160823,19974.567764766787,10486.433748166777,0,63.84893443625789,4,Young,1.327055727782071
858,45,737488.3713502618,23386.327623738245,63716.902029891266,2,78.19854884801282,3,Middle,-0.32279801848978823
859,33,872173.4073199643,33258.07645852497,35781.260303149065,1,86.68306393014387,5,Middle,0.21835026227780494
860,47,865080.4596928052,26358.753416673502,46356.586970943914,1,91.44815697315791,3,Senior,0.18985165152734898
861,42,766422.814632363,21281.499937746812,30892.55569982458,1,67.04397662584182,9,Middle,-0.2065429042943349
862,21,1002702.0682899455,28387.136558316277,88219.5659983044,1,42.38233938796016,3,Young,0.7427987280352846
863,58,998372.1801380533,17283.95495114504,88469.39419221181,1,60.14945293108376,2,Senior,0.725401758041977
864,61,362867.0066904548,29769.516573100635,61788.45313685549,1,64.8783496607769,12,Older,-1.8279816193618823
865,32,1126085.060719538,27860.251153912373,5569.006383157988,1,66.89273444105932,5,Middle,1.2385367567518126
866,35,384377.0029910814,22845.34070202781,91272.18178311618,3,67.74568718789537,6,Middle,-1.7415570404649376
867,43,1058136.5510854144,19129.899410869384,55586.84917512196,1,83.42673517516803,1,Middle,0.9655278147822106
868,44,1081676.2842068959,18793.2335440158,59705.111622159864,1,85.29314112025098,14,Middle,1.0601076321813998
869,47,527258.3924462004,28743.72135442137,22547.934281565507,2,67.9399161529026,12,Senior,-1.1674767968756214
870,64,697296.4280113538,33602.86351742344,105713.88939487412,1,83.18181851262182,11,Older,-0.4842844143760487
871,37,523573.83287851606,20538.845770798434,64616.81843451471,3,74.29193639957307,6,Middle,-1.182280914208201
872,30,746269.7424278161,28208.70692486039,5972.434847280181,1,70.77407167435086,10,Young,-0.28751552532202646
873,23,722991.4289535647,10390.810869785519,26193.68862448958,0,80.87852988531957,3,Young,-0.3810449900102489
874,31,994915.133067335,20907.675885399603,108744.94587831099,3,70.867024578855,4,Middle,0.7115117585674055
875,39,1127577.186529902,24782.587469903687,2417.3399626215964,0,94.69373412517315,6,Middle,1.244531938853179
876,61,1148920.952697489,18632.216081127164,162746.68279520358,1,52.73906599846529,8,Older,1.3302886250621309
877,33,659457.9933554245,18444.455376472826,56841.036375050004,0,63.81794921089579,9,Middle,-0.6363146953465287
878,42,747694.531563868,20325.543104717795,49898.903199275905,1,68.4817732365526,6,Middle,-0.28179089388186945
879,39,379140.45194476243,27045.349098284612,15773.85716130011,2,75.27343228549589,7,Middle,-1.762596872956089
880,54,598532.4833759528,23688.696871155378,14303.62101447174,0,85.21552584523707,14,Senior,-0.8811060691090641
881,70,1041212.9082743644,9332.381366725196,142415.82784253394,1,69.70721719316612,5,Older,0.8975306527694635
882,33,1203895.7058870578,10155.098931554538,17710.503086784236,3,52.93324420592551,14,Middle,1.55117057352781
883,34,491412.7820300195,20751.94375499977,74695.1582740636,2,80.11016675746005,12,Middle,-1.311500149656585
884,52,651883.9352117764,28203.806102374863,24971.358204079723,2,79.05950519370357,9,Senior,-0.6667463503062598
885,48,793398.5607602682,5767.466100923357,7497.795306042177,0,46.69769608744713,4,Senior,-0.09815759976189392
886,62,870040.2897049017,21501.888766938588,538.6559961795687,1,69.95435039595041,10,Older,0.20977965217434982
887,47,597599.1200195885,21316.265004378052,39291.348216237886,0,50.91829803183643,11,Senior,-0.8848562108526624
888,35,906015.2611160225,34718.364447459135,186026.38810344442,2,62.02418682997525,6,Middle,0.35432276187935524
889,47,681540.163232271,22304.847318009954,23033.263889338017,2,59.166292876446406,5,Senior,-0.5475911918152121
890,53,796386.9322804302,27680.9228931865,22095.485961504994,2,79.71117637890383,1,Senior,-0.08615068229858884
891,49,936571.062000925,25988.799980612243,21086.70805737301,1,71.4019620900662,5,Senior,0.477092295980096
892,46,801605.5674527345,10086.034641349595,36755.14058943361,0,54.57290799092767,13,Senior,-0.06518283363512631
893,52,690903.5273683579,30377.450516422163,29050.324623568602,0,80.56079155548811,5,Senior,-0.5099703205137842
894,54,772597.5490185423,26507.775538194015,105977.61726074084,2,52.79433011285903,14,Senior,-0.18173356394542559
895,56,777909.2601986661,28557.880477722127,35212.50873778918,1,73.96136548565133,9,Senior,-0.16039174707347087
896,47,707497.242529468,52483.663945054286,35439.224238810304,0,60.23187196850133,1,Senior,-0.4432987681298809
897,37,735300.9843332244,10411.209423509881,7446.559281230722,0,65.61187500963376,5,Middle,-0.3315866765253362
898,41,1199661.7926261793,37072.87654832776,202966.84976046614,0,76.05124897646061,7,Middle,1.5341592191071236
899,54,940229.8619853097,22987.86736419751,14382.296379839348,0,76.25739278871436,11,Senior,0.491792914404163
900,30,726129.9204927098,27011.302330821065,3809.726391944544,3,86.04362888267153,6,Young,-0.36843490836024234
901,44,974238.6011276839,24681.414282891306,54405.320802180504,1,69.01295560394256,6,Middle,0.6284359392618708
902,35,716545.1275609975,22030.345666213696,45238.66194801906,0,73.67741035556008,12,Middle,-0.40694545393916093
903,40,1093281.1593966603,21011.16950232869,26819.62219677111,2,64.7471521311481,7,Middle,1.1067346253900305
904,55,892410.5480495235,27306.561149011064,27425.702509846007,1,72.18387859147357,6,Senior,0.2996606605310773
905,42,773174.4639989428,14379.784123298246,76870.73011258613,3,75.27383257610214,5,Middle,-0.17941558891913525
906,40,911929.2314525694,30254.05417265236,10889.933042426637,1,68.82028183054749,10,Middle,0.37808438362962016
907,23,407280.9619828752,22086.639165803223,85810.33733894641,1,48.35499419089005,5,Young,-1.6495316870769872
908,48,518308.1327725487,17089.514626717497,52312.44208494754,5,73.97765075597074,9,Senior,-1.2034378641163033
909,47,501518.74840023613,21849.909994029305,27147.62495037951,1,74.37473772826549,14,Senior,-1.2708955918646707
910,65,835735.7736909267,33800.04451803801,30627.103853078992,1,61.83791828382459,8,Older,0.07194823140906963
911,36,1233128.749871273,21252.654390886437,14829.226243266203,1,54.58735556712983,14,Middle,1.6686254294423166
912,42,1357825.0365481582,27509.175327467343,69739.38290292368,1,87.71054980604758,12,Middle,2.1696401165414745
913,42,959512.7753601893,19883.306069991686,35961.69931559463,0,75.89734613073283,10,Middle,0.5692693418771736
914,58,925211.1187361142,30305.452949465336,19345.997580578914,1,67.25102762893948,14,Senior,0.4314494097967149
915,38,349735.56646181527,29798.55417153143,45323.22288144664,0,56.355605402230154,4,Middle,-1.880742167351261
916,43,664331.5500664946,37940.26183307488,272859.2315316911,0,60.13822205894385,4,Middle,-0.6167333304500436
917,47,603054.0620229403,23771.05238150549,28569.693369842636,1,85.63108476143478,10,Senior,-0.8629389097542333
918,42,644788.100437221,29680.583633305345,126720.43585554833,2,71.65194329041655,5,Middle,-0.6952565612678202
919,34,757964.0453538026,25686.47277677261,21157.28767429429,1,63.39295519599152,13,Middle,-0.2405292222215351
920,42,681977.3555757182,34071.1024730411,2814.377083401599,1,76.11627077469588,13,Middle,-0.5458346055447488
921,52,305175.04740605305,19968.173286738886,11423.014656553134,0,60.22722175064412,3,Senior,-2.0597809752152743
922,27,986977.5640293835,30215.037190140967,27123.997473157786,2,88.01011636336455,8,Young,0.6796195605408347
923,41,531814.2435650483,23637.118927183226,12399.671426590303,0,86.2336064187607,7,Middle,-1.1491719348495812
924,31,859811.7160277874,24550.682760240517,11.353199766673677,3,64.40111114556669,5,Middle,0.16868247296492211
925,54,1318520.6674374933,25642.26739113861,123256.10569014234,3,62.45595703562967,10,Senior,2.0117198871874447
926,21,570153.8521033942,26765.68277498674,92856.32827085459,1,38.582401615692646,3,Young,-0.9951279974778335
927,33,167428.11931341758,24186.396698146295,67796.45081047453,0,52.221030741383586,5,Middle,-2.61323157038841
928,44,728498.9445299723,26502.992282193685,9185.00106074339,1,53.92636270050693,3,Middle,-0.3589164546164274
929,58,1075239.9087496428,36046.826402935294,6412.330583295656,1,71.62228409184863,10,Senior,1.0342470494671423
930,39,1289586.8635551485,31898.147799306527,3499.923282386663,3,66.08519554670369,5,Middle,1.8954673420233346
931,33,492612.6013868958,31084.082147478275,64373.00876406098,1,53.8559741510171,1,Middle,-1.3066794197400755
932,62,924174.8058091304,21811.223317832904,132118.71371146207,0,66.62603149042532,6,Older,0.42728562905643525
933,22,683672.3858049867,18775.31420240173,28152.96984773289,2,76.06404577176818,10,Young,-0.5390241778842916
934,18,773512.911423966,31687.10390766427,6342.866944466449,0,76.33407219898704,4,Young,-0.17805574785837497
935,45,1461085.8367542587,31132.32754770856,35912.257890014225,0,47.20395662969342,4,Middle,2.5845295962813575
936,33,424257.4179012117,35308.69473025687,21449.373171720083,1,68.46083823419403,8,Middle,-1.5813223283491087
937,27,863434.9153736434,20772.135618215394,23486.177371615257,1,53.399910676340674,2,Young,0.1832400523037975
938,48,916923.2929413583,23393.15941247757,48554.590693818245,1,80.82074436568328,4,Senior,0.3981499222341739
939,42,1071446.5812348367,13523.61086232196,63419.89784111247,0,79.40975699624198,2,Middle,1.0190059156006637
940,33,824495.7883677238,22252.70225757389,5860.61236596752,3,59.223673284106496,1,Middle,0.026787321812011627
941,24,877012.6348760256,31975.99357405613,1811.9501455745992,1,60.8074575711952,10,Young,0.2377936967570061
942,50,702087.8581445522,21734.532345402615,258630.97731957008,0,64.46479539402031,13,Senior,-0.46503302419502207
943,47,867281.7353112769,29483.35856640577,13245.718340327208,2,42.96647926322393,13,Senior,0.19869611229357345
944,38,714201.9311256474,23666.47825801532,2766.678841507926,2,74.03161808128692,3,Middle,-0.41636013548385536
945,62,955392.9724640127,27268.399197550923,10528.356423145457,1,66.72586544391844,12,Older,0.5527164691818817
946,27,707597.4159890915,16966.16027129033,1986.8503306108905,1,81.64210099081431,8,Young,-0.44289628321339786
947,21,894275.0984755466,25596.466147437306,24863.470839257832,2,56.81908938444937,6,Young,0.3071521999599553
948,31,792684.2965787554,5000.0,81075.97621666282,0,62.57052462100082,12,Middle,-0.10102742736417124
949,39,1081512.562693042,23691.726892866107,20870.137687341685,1,51.921696903530616,7,Middle,1.0594498188236736
950,42,787151.5691028784,13586.687293994019,29365.84538182011,2,57.94851323806896,2,Middle,-0.12325726113872605
951,37,356741.8829482797,33441.96161582771,56286.85927925503,0,55.81621604718137,6,Middle,-1.8525916301080831
952,44,1115480.375178498,30441.85146935158,35554.77156091545,1,81.95168414615735,14,Middle,1.1959284052946717
953,24,573566.9247843453,28266.69687376257,98824.6435769033,1,61.620857814983296,8,Young,-0.9814146818141171
954,57,636558.415337795,35647.04359011566,100509.08730809612,1,71.49010821693537,8,Senior,-0.72832244650703
955,39,651084.676489127,18357.58435422614,498.0066673638775,2,65.43083915365835,4,Middle,-0.6699576757555661
956,53,1143609.5232927043,37231.54238540891,75264.32533147345,1,54.76641680784624,6,Senior,1.3089479403296098
957,44,266081.4465053261,31525.340949822694,30877.279100668587,1,67.98039492194029,14,Middle,-2.2168543632433386
958,45,1584437.1334149984,23344.11298946738,224773.39135588927,3,77.18923998236313,5,Middle,3.080140275209553
959,46,1064014.202266513,32949.34103028061,33008.069738118764,2,55.50688728947977,9,Senior,0.9891435105326917
960,45,855809.72853229,17255.94541311856,216741.67921601966,1,79.70935348877654,8,Middle,0.1526029683841087
961,47,786276.4998459284,19228.400869306286,70237.04510181924,0,59.80334894226765,2,Senior,-0.12677318419982705
962,55,871388.5187144142,20739.871937322096,14291.182327326565,0,64.20419288712591,12,Senior,0.2151966742312232
963,42,930280.6070948346,21297.156043551895,38652.28435430209,0,76.36819747612057,13,Middle,0.45181800449575743
964,48,961303.8964875143,17604.09650067823,242270.70263269305,1,62.038766113366144,7,Senior,0.5764658512126017
965,38,938901.1165008622,33561.581469667275,97431.4046792972,0,70.45089831203039,7,Middle,0.4864541748084127
966,57,822395.1703138122,23188.01919741118,5121.955677309854,0,66.22371005454289,11,Senior,0.01834729103769945
967,31,750665.3949231685,27467.534778498157,61272.08040387446,3,71.55241608044582,14,Middle,-0.269854322103825
968,61,762181.6790866221,21007.540435104238,21200.264949748576,1,41.431130733718035,14,Older,-0.22358327698723246
969,39,751272.9299118298,12255.77689616038,350.3375967362231,0,48.043818217503,12,Middle,-0.26741331956591735
970,22,1083442.524216766,26890.401508739953,25832.206677789116,0,77.39160407256206,1,Young,1.0672041721784575
971,41,948389.1805702155,11614.215172061562,13377.923965883423,0,82.44617686778861,1,Middle,0.5245760754484979
972,31,100000.0,24519.561677401718,85426.81230521889,2,59.07415955762174,12,Middle,-2.8841496466181717
973,50,963975.1941324403,15421.794728170327,20573.953452121445,2,67.0716597739464,4,Senior,0.5871988039683586
974,32,848684.0486796937,38910.931994615654,87874.77040994844,0,73.53663103482762,5,Middle,0.12397284348738177
975,34,795322.8108885257,31379.539055223053,29.905883575644282,2,78.31861121990445,4,Middle,-0.09042619410738917
976,18,702870.3867277786,25740.27653890036,18395.400680797124,1,45.667872739949814,7,Young,-0.4618889184343813
977,34,1081028.1799965033,33845.94674358268,13798.559947031106,2,59.36751703625947,3,Middle,1.057503627388387
978,18,1036881.6155307144,19075.78815773985,13300.42329500564,0,66.0090474418015,7,Young,0.8801280392953533
979,20,606780.5830440978,28804.35565069065,3531.136007313142,1,78.43768236683259,13,Young,-0.8479661963468038
980,49,901763.0717811338,26398.673036030996,10358.851762558428,2,99.98116580465793,8,Senior,0.3372379763907064
981,49,557085.8163646786,26848.14056933569,40545.837427483144,2,67.26393127828338,6,Senior,-1.0476337938500915
982,45,455095.4588027674,33906.474500747376,17220.45763737056,3,53.11627045475213,6,Middle,-1.4574187877963813
983,28,643320.6938525087,30127.444719458617,27012.273932976783,2,74.82721692641557,8,Young,-0.7011524244926164
984,39,1015598.3680956897,27021.065639775163,23649.755390741215,0,85.85194947448852,8,Middle,0.7946145100774099
985,39,1038281.2613440217,13415.787946401926,104335.36366477671,1,71.29616945175401,7,Middle,0.8857516478878117
986,26,928271.3550243232,18279.675933043753,117851.53543676272,2,59.12021745814849,6,Young,0.443745071257424
987,58,981273.9467119992,24141.03746482993,33957.97052316041,0,81.49592729776023,6,Senior,0.656703111929921
988,50,929044.5717787396,25653.60661993656,20035.517767770354,1,77.96254742198121,10,Senior,0.4468517632095072
989,37,639629.6011942619,17088.573927282534,5647.27735982155,2,57.687029869652505,11,Middle,-0.7159827909975742
990,40,907980.6361684852,41881.73672904895,153310.82645374595,2,74.5771074104121,13,Middle,0.3622194025346909
991,42,1000102.3813069205,35614.75838677501,3105.8431806089416,2,81.96718681190647,13,Middle,0.7323534983089897
992,18,988572.8324533936,29214.828242747382,17666.190945233524,0,84.18268051070672,6,Young,0.686029157262553
993,37,1097228.3428686608,25504.258028986213,17695.809153208516,2,69.20261229628653,8,Middle,1.1225939339937558
994,31,977075.9618002659,23514.53721069194,19312.639084102637,1,65.70304664584818,1,Middle,0.6398361132962807
995,27,887862.0518853958,18336.57077984435,8973.491936835555,1,84.72728586497516,5,Young,0.28138534982878516
996,36,1067537.559579107,25542.363629632036,76430.10617979016,1,55.47807396422938,3,Middle,1.003299936586356
997,61,793369.685187735,26804.267780999253,6533.794356954463,2,75.26295149105206,12,Older,-0.09827361834049869
998,47,579531.3371930706,16307.67597162863,50380.11148725333,1,53.55968047162685,8,Senior,-0.9574503898827059
999,33,759233.2590140591,27339.234920714283,6610.671744528562,0,82.78451526711524,11,Middle,-0.23542967433761847
1000,46,613774.3387983877,23913.186658226758,3657.3406580656706,4,66.90345381266606,6,Senior,-0.8198661266152725
